aX,aY,aZ,gX,gY,gZ
1.134,-1.803,0.960,135.681,64.392,-205.994
1.620,-2.044,0.945,144.409,92.346,-170.715
1.884,-2.040,0.843,135.803,110.352,-103.943
1.710,-1.835,0.711,97.778,120.422,-29.175
1.138,-1.357,0.601,55.664,113.159,39.490
0.433,-0.844,0.518,16.846,82.520,78.918
-0.159,-0.419,0.492,-10.315,32.349,77.393
-0.469,-0.178,0.498,-23.315,-21.301,46.753
-0.525,-0.151,0.566,-21.240,-63.293,7.263
-0.403,-0.295,0.712,-8.667,-83.313,-25.330
-0.190,-0.477,0.860,4.578,-82.458,-45.837
0.010,-0.648,0.973,14.099,-69.031,-51.941
0.158,-0.764,1.014,17.761,-49.011,-43.213
0.229,-0.789,0.977,17.578,-27.161,-26.611
0.235,-0.746,0.901,16.541,-9.277,-9.888
0.197,-0.712,0.833,17.334,1.831,2.686
0.140,-0.675,0.812,19.165,6.531,9.888
0.072,-0.640,0.812,20.081,5.920,12.024
0.030,-0.620,0.824,16.357,1.465,12.146
0.015,-0.608,0.837,10.315,-5.676,9.216
0.011,-0.602,0.854,4.272,-12.817,5.676
0.020,-0.597,0.854,0.488,-17.029,3.601
0.032,-0.594,0.859,-0.977,-17.334,3.540
0.034,-0.596,0.875,-0.244,-15.320,4.822
0.035,-0.591,0.894,0.122,-12.329,6.104
0.035,-0.594,0.907,-0.916,-9.583,7.080
0.069,-0.577,0.917,-1.709,-7.080,7.446
0.061,-0.621,0.919,-3.845,-4.150,6.531
0.098,-0.611,0.907,-3.174,-1.282,7.568
0.117,-0.620,0.882,-3.296,1.648,8.423
0.133,-0.634,0.865,-4.028,2.502,8.972
0.100,-0.612,0.863,-5.005,2.563,11.414
0.063,-0.590,0.850,-8.362,3.540,13.306
0.051,-0.573,0.835,-10.193,5.005,12.756
0.053,-0.551,0.814,-10.498,5.310,10.498
0.077,-0.554,0.796,-8.972,3.479,8.484
0.026,-0.610,0.833,-6.104,0.305,7.263
0.206,-0.565,0.844,-2.747,-3.357,6.226
0.189,-0.649,0.857,-1.282,-4.089,2.686
0.174,-0.641,0.856,-0.183,-1.770,8.850
0.141,-0.630,0.863,-0.122,-0.305,13.184
0.134,-0.607,0.865,-1.160,-0.427,15.747
0.109,-0.566,0.871,-2.502,-0.916,17.761
0.094,-0.557,0.853,-4.822,-1.282,17.639
0.113,-0.566,0.853,-6.409,-3.906,14.771
0.139,-0.577,0.850,-6.348,-5.798,11.597
0.170,-0.598,0.842,-5.859,-6.470,9.644
0.205,-0.617,0.835,-4.822,-6.958,9.277
0.229,-0.639,0.841,-4.272,-7.202,9.766
0.240,-0.651,0.845,-3.296,-7.935,11.108
0.237,-0.652,0.854,-2.686,-8.667,12.390
0.235,-0.647,0.853,-2.502,-9.338,12.817
0.229,-0.638,0.850,-3.113,-10.925,13.550
0.207,-0.626,0.856,-3.662,-13.489,15.686
0.183,-0.608,0.865,-4.456,-16.052,17.273
0.154,-0.589,0.874,-6.042,-17.212,16.907
0.128,-0.570,0.876,-7.751,-16.479,15.076
0.116,-0.552,0.868,-8.484,-14.282,12.024
0.116,-0.536,0.860,-8.057,-11.841,9.277
0.097,-0.514,0.852,-5.981,-10.437,9.827
0.088,-0.505,0.847,-4.395,-9.277,11.780
0.073,-0.478,0.842,-2.808,-8.484,13.733
0.057,-0.456,0.838,-2.197,-8.362,15.320
0.052,-0.442,0.825,-2.380,-8.240,14.709
0.048,-0.433,0.830,-2.197,-9.155,13.611
0.059,-0.434,0.824,-2.563,-9.583,11.902
0.067,-0.426,0.830,-2.563,-10.376,11.780
0.066,-0.423,0.831,-2.686,-10.742,12.939
0.066,-0.406,0.846,-2.258,-11.414,13.611
0.061,-0.384,0.867,-2.563,-10.864,14.587
0.044,-0.350,0.886,-3.418,-9.827,15.869
0.012,-0.292,0.914,-5.127,-9.705,17.639
-0.036,-0.223,0.957,-8.423,-10.437,19.226
-0.172,-0.064,1.032,-12.695,-11.902,20.996
-0.399,0.142,1.081,-19.226,-12.756,23.682
-0.671,0.453,1.114,-29.663,-11.047,23.193
-1.030,0.783,1.037,-40.955,-7.263,23.376
-1.282,0.838,0.833,-46.143,-0.427,20.874
-1.326,0.660,0.635,-28.015,7.141,-1.953
-1.081,0.271,0.546,16.968,12.268,-47.302
-0.627,-0.302,0.583,72.021,13.306,-102.417
-0.057,-0.988,0.681,122.925,15.259,-145.569
0.587,-1.615,0.881,155.151,22.400,-165.283
1.177,-1.980,1.070,156.250,33.020,-155.762
1.544,-2.099,1.193,130.798,42.725,-112.854
1.607,-2.006,1.137,82.336,56.335,-47.363
1.311,-1.683,0.950,32.898,71.655,19.531
0.762,-1.218,0.719,-5.493,77.637,74.280
0.192,-0.787,0.541,-27.527,66.772,101.501
-0.203,-0.475,0.467,-33.691,41.504,92.651
-0.393,-0.326,0.495,-29.419,7.141,62.866
-0.434,-0.329,0.602,-21.606,-25.085,28.503
-0.345,-0.421,0.727,-14.954,-45.837,-1.770
-0.187,-0.528,0.831,-8.545,-49.988,-20.264
-0.031,-0.628,0.892,-2.136,-38.635,-25.879
0.084,-0.683,0.894,2.502,-19.470,-22.095
0.146,-0.698,0.855,4.700,-1.526,-13.245
0.177,-0.698,0.808,5.981,11.963,-4.639
0.157,-0.676,0.778,8.362,20.752,3.052
0.120,-0.657,0.762,10.681,27.283,10.071
0.095,-0.641,0.752,10.925,30.884,11.963
0.101,-0.630,0.736,8.423,29.236,10.010
0.084,-0.608,0.732,4.456,23.254,7.202
0.052,-0.579,0.733,-0.061,16.296,5.432
0.043,-0.559,0.726,-4.333,10.742,2.869
0.047,-0.546,0.729,-6.226,6.775,0.244
0.066,-0.547,0.740,-6.042,4.761,-1.709
0.077,-0.550,0.762,-4.333,4.333,-3.174
0.103,-0.564,0.791,-1.831,5.249,-3.357
0.126,-0.588,0.820,0.732,6.836,-3.113
0.154,-0.609,0.839,2.136,8.911,-2.869
0.181,-0.623,0.842,2.869,10.803,-2.380
0.214,-0.638,0.829,3.235,12.756,-1.404
0.243,-0.647,0.812,2.869,13.977,0.671
0.265,-0.660,0.795,2.197,13.550,3.479
0.275,-0.657,0.777,0.610,11.108,5.371
0.270,-0.654,0.766,-1.465,6.714,7.019
0.260,-0.656,0.762,-3.235,2.197,7.568
0.265,-0.663,0.763,-4.211,-1.831,6.409

-1.043,0.705,0.762,0.061,2.197,1.038
-1.139,0.439,0.628,22.949,-4.517,-44.739
-1.122,0.023,0.627,53.040,-23.071,-111.084
-0.917,-0.540,0.701,79.224,-39.551,-175.232
-0.551,-1.106,0.778,94.849,-38.391,-216.125
-0.044,-1.577,0.794,102.966,-14.771,-222.107
0.559,-1.905,0.779,103.271,18.616,-208.862
1.192,-2.111,0.695,94.482,31.860,-189.575
1.720,-2.165,0.641,83.069,15.991,-161.743
1.940,-2.077,0.591,66.528,-7.385,-120.178
1.704,-1.799,0.503,44.556,-18.860,-62.195
1.052,-1.387,0.438,22.583,-21.057,-1.404
0.186,-0.901,0.491,7.263,-28.076,40.039
-0.573,-0.499,0.606,-1.404,-40.894,48.950
-1.010,-0.247,0.716,-7.507,-55.908,29.053
-1.061,-0.187,0.780,-8.606,-64.880,-2.625
-0.829,-0.287,0.788,-4.089,-60.303,-30.090
-0.467,-0.461,0.767,4.150,-47.607,-46.875
-0.120,-0.632,0.752,10.864,-35.400,-52.795
0.111,-0.766,0.749,13.123,-27.344,-48.340
0.206,-0.853,0.761,11.658,-21.484,-35.950
0.183,-0.883,0.793,9.766,-15.930,-19.165
0.083,-0.856,0.817,7.446,-9.644,-3.540
-0.036,-0.797,0.811,4.028,-5.432,7.385
-0.131,-0.734,0.787,-0.488,-4.272,12.268
-0.200,-0.685,0.766,-4.150,-4.639,13.123
-0.229,-0.648,0.748,-6.958,-4.822,11.353
-0.218,-0.633,0.747,-8.179,-4.578,8.423
-0.189,-0.645,0.770,-8.240,-4.333,6.104
-0.151,-0.665,0.805,-6.836,-2.136,5.737
-0.114,-0.691,0.838,-5.371,2.563,6.958
-0.082,-0.709,0.857,-3.723,8.179,9.277
-0.057,-0.723,0.878,-2.747,12.390,12.146
-0.052,-0.728,0.891,-2.869,15.442,14.832
-0.057,-0.717,0.890,-4.456,17.578,17.090
-0.070,-0.687,0.871,-5.981,18.616,18.799
-0.079,-0.675,0.846,-6.958,17.761,18.860
-0.063,-0.675,0.835,-7.019,13.550,16.968
-0.027,-0.700,0.826,-7.812,7.568,13.611
0.019,-0.733,0.822,-8.484,2.441,11.658
0.059,-0.766,0.826,-8.240,0.366,12.146
0.087,-0.793,0.834,-8.240,0.305,13.916
0.097,-0.804,0.826,-9.277,0.061,16.968
0.102,-0.802,0.818,-10.071,-0.977,20.386
0.084,-0.797,0.821,-10.864,-2.625,23.804
0.062,-0.784,0.827,-12.085,-4.150,26.428
0.041,-0.775,0.836,-12.878,-4.150,27.954
0.025,-0.765,0.845,-13.428,-2.686,29.480
0.014,-0.757,0.847,-14.221,0.183,31.128
0.002,-0.743,0.845,-14.893,4.639,33.264
-0.011,-0.730,0.841,-15.442,9.460,35.217
-0.015,-0.719,0.821,-15.869,14.648,36.743
-0.004,-0.689,0.789,-14.343,18.799,39.063
-0.017,-0.647,0.774,-11.658,20.142,43.213
-0.047,-0.609,0.770,-9.216,19.409,46.265
-0.055,-0.571,0.758,-8.484,17.639,45.227
-0.061,-0.541,0.750,-9.521,12.390,42.664
-0.068,-0.521,0.752,-12.207,3.235,37.842
-0.060,-0.511,0.755,-15.564,-6.531,30.518
-0.051,-0.514,0.769,-17.273,-13.733,23.132
-0.019,-0.520,0.774,-16.479,-15.442,18.372
-0.006,-0.520,0.782,-13.855,-13.550,16.418
0.011,-0.520,0.781,-10.864,-11.047,16.296
0.018,-0.516,0.791,-7.507,-10.803,17.395
0.010,-0.511,0.812,-5.249,-13.000,18.860
0.005,-0.505,0.829,-4.639,-15.015,18.433
0.000,-0.502,0.835,-4.883,-16.846,16.907
0.000,-0.496,0.839,-4.944,-18.127,14.893
0.001,-0.484,0.846,-4.395,-19.226,12.207
-0.003,-0.481,0.858,-3.296,-20.264,9.827
-0.002,-0.483,0.870,-2.869,-20.447,7.812
0.001,-0.482,0.877,-2.747,-19.531,5.981
0.006,-0.479,0.877,-2.441,-18.127,5.310
0.014,-0.476,0.875,-1.160,-16.357,5.432
0.016,-0.472,0.877,0.122,-14.587,6.531
0.017,-0.466,0.877,1.038,-12.756,7.690
0.016,-0.458,0.876,1.160,-11.475,8.667
0.018,-0.447,0.873,0.366,-10.986,8.911
0.020,-0.434,0.864,-0.671,-11.292,8.606
0.016,-0.425,0.860,-1.160,-11.841,7.874
0.020,-0.419,0.857,-1.221,-12.146,6.470
0.024,-0.416,0.858,-0.977,-12.207,5.127
0.025,-0.412,0.857,-0.671,-11.292,4.089
0.034,-0.410,0.854,-0.366,-10.437,3.418
0.034,-0.406,0.853,-0.366,-10.071,3.296
0.029,-0.406,0.856,-0.366,-9.766,2.625
0.032,-0.400,0.858,-0.305,-9.399,1.221
0.032,-0.392,0.860,-0.122,-9.705,-0.610
0.031,-0.384,0.861,0.061,-9.827,-2.136
0.028,-0.370,0.875,0.549,-10.437,-3.601
0.014,-0.343,0.895,0.610,-11.230,-5.188
0.001,-0.304,0.908,0.305,-11.292,-6.897
-0.026,-0.245,0.926,-0.793,-11.902,-8.667
-0.085,-0.146,0.967,-2.563,-14.526,-11.597
-0.192,-0.011,1.013,-4.944,-17.151,-15.869
-0.299,0.112,1.006,-8.240,-17.212,-21.118
-0.413,0.230,0.951,-10.315,-14.038,-26.794
-0.544,0.276,0.871,-8.606,-12.512,-32.410
-0.717,0.267,0.813,-2.197,-13.367,-42.053
-0.838,0.179,0.754,9.644,-13.062,-58.289
-0.925,-0.004,0.709,26.550,-9.705,-78.064
-0.898,-0.302,0.682,46.448,-4.578,-102.234
-0.733,-0.636,0.667,62.561,-2.319,-128.479
-0.499,-0.966,0.690,72.144,-5.676,-147.827
-0.190,-1.280,0.725,76.782,-7.751,-154.724
0.175,-1.542,0.778,78.796,-5.066,-149.780
0.530,-1.755,0.853,77.393,-2.869,-136.841
0.862,-1.889,0.943,71.350,-5.188,-118.103
1.034,-1.896,1.008,57.739,-9.460,-88.745
0.970,-1.732,0.979,37.537,-5.127,-44.922
0.631,-1.414,0.843,16.174,10.742,5.798
0.104,-1.004,0.700,2.075,28.870,49.744
-0.390,-0.627,0.613,-4.517,34.790,69.458
-0.712,-0.380,0.577,-9.338,21.545,59.326
-0.810,-0.266,0.576,-11.902,-2.380,30.823
-0.724,-0.287,0.602,-10.376,-20.081,1.343
-0.555,-0.386,0.643,-4.028,-24.963,-17.456
-0.382,-0.517,0.700,3.418,-20.874,-25.513
-0.219,-0.644,0.755,8.728,-14.221,-27.039

0.902,-1.961,0.766,89.050,5.432,-161.926
1.258,-2.085,0.943,81.116,-2.075,-136.475
1.383,-2.045,1.034,61.768,-4.333,-93.201
1.167,-1.795,0.959,29.846,2.441,-32.715
0.579,-1.387,0.798,0.671,15.930,29.236
-0.123,-0.893,0.695,-12.634,28.259,73.730
-0.684,-0.515,0.635,-15.503,31.738,83.923
-0.955,-0.292,0.597,-15.503,19.409,60.181
-0.902,-0.260,0.574,-12.390,-2.625,18.127
-0.646,-0.363,0.591,-6.897,-20.142,-19.165
-0.353,-0.542,0.642,0.977,-24.841,-39.978
-0.097,-0.722,0.711,9.216,-19.897,-45.593
0.083,-0.860,0.772,13.367,-13.977,-39.429
0.158,-0.933,0.812,12.451,-8.423,-25.146
0.104,-0.919,0.832,10.315,-2.258,-6.775
-0.021,-0.853,0.814,8.057,7.324,9.949
-0.144,-0.768,0.774,6.592,14.343,20.569
-0.225,-0.692,0.728,4.517,14.771,22.644
-0.249,-0.647,0.680,1.648,10.132,18.127
-0.230,-0.633,0.665,0.061,3.601,10.742
-0.199,-0.648,0.684,0.183,-2.014,4.761
-0.155,-0.677,0.717,0.366,-4.822,1.160
-0.112,-0.709,0.758,0.488,-5.737,0.305
-0.080,-0.748,0.794,0.854,-5.493,1.282
-0.047,-0.780,0.823,1.221,-4.150,2.563
-0.030,-0.805,0.841,0.916,-2.991,4.639
-0.021,-0.811,0.851,-0.061,-1.160,8.362
-0.030,-0.806,0.850,-1.770,0.916,12.085
-0.042,-0.792,0.831,-4.517,2.075,15.442
-0.045,-0.778,0.812,-7.019,1.526,16.357
-0.037,-0.775,0.796,-8.972,-0.610,15.564
-0.017,-0.782,0.788,-10.193,-2.930,14.648
-0.003,-0.798,0.793,-10.864,-4.639,14.709
0.011,-0.819,0.805,-10.925,-4.944,15.686
0.023,-0.835,0.812,-11.292,-4.822,17.639
0.024,-0.840,0.812,-12.146,-4.639,20.508
0.019,-0.839,0.812,-13.000,-5.554,23.682
0.003,-0.837,0.808,-14.587,-6.958,26.611
-0.008,-0.826,0.802,-16.663,-8.789,27.832
-0.025,-0.821,0.801,-18.860,-10.742,28.503
-0.034,-0.811,0.795,-20.691,-11.841,29.358
-0.042,-0.798,0.788,-22.034,-11.108,31.067
-0.056,-0.777,0.775,-22.522,-8.972,33.936
-0.066,-0.753,0.758,-22.461,-6.409,36.987
-0.085,-0.723,0.746,-21.423,-5.676,39.429
-0.107,-0.700,0.743,-20.142,-6.042,40.527
-0.114,-0.688,0.735,-19.226,-6.470,38.757
-0.110,-0.689,0.728,-17.761,-7.690,35.828
-0.101,-0.692,0.728,-16.174,-9.583,32.959
-0.086,-0.704,0.732,-14.709,-10.315,30.762
-0.065,-0.705,0.733,-13.550,-9.521,30.396
-0.057,-0.682,0.737,-12.939,-7.996,32.654
-0.061,-0.650,0.728,-13.062,-6.042,36.377
-0.074,-0.615,0.722,-13.123,-4.578,39.246
-0.092,-0.587,0.717,-12.634,-4.456,40.283
-0.098,-0.572,0.717,-11.719,-5.737,38.269
-0.080,-0.568,0.716,-11.658,-8.728,34.241
-0.077,-0.574,0.728,-11.841,-12.939,31.372
-0.073,-0.573,0.735,-11.047,-14.465,29.541
-0.056,-0.564,0.740,-9.216,-13.000,28.259
-0.052,-0.534,0.754,-7.629,-11.475,29.358
-0.059,-0.520,0.756,-6.653,-10.254,30.273
-0.060,-0.509,0.752,-6.348,-10.193,29.541
-0.057,-0.501,0.761,-6.165,-12.329,27.466
-0.057,-0.500,0.775,-6.836,-15.381,25.269
-0.064,-0.500,0.785,-7.996,-16.785,23.071
-0.064,-0.491,0.799,-8.789,-17.212,20.874
-0.063,-0.470,0.812,-9.155,-17.395,18.982
-0.057,-0.448,0.827,-9.094,-16.602,16.907
-0.051,-0.431,0.838,-8.972,-15.686,15.625
-0.043,-0.410,0.851,-8.362,-14.771,15.137
-0.035,-0.395,0.858,-7.385,-13.245,14.832
-0.036,-0.370,0.874,-5.981,-11.963,15.076
-0.035,-0.353,0.887,-4.883,-10.559,14.282
-0.027,-0.341,0.901,-3.967,-9.460,12.512
-0.024,-0.339,0.912,-3.601,-9.644,10.254
-0.015,-0.341,0.919,-3.723,-10.193,7.629
-0.006,-0.347,0.923,-3.784,-10.315,5.188
0.000,-0.348,0.930,-3.418,-9.399,3.174
0.004,-0.342,0.931,-3.113,-8.423,1.282
0.006,-0.342,0.936,-3.296,-8.667,-1.404
0.004,-0.347,0.944,-3.784,-9.460,-3.357
-0.010,-0.323,0.967,-3.967,-9.155,-5.066
-0.053,-0.281,0.995,-3.418,-7.324,-5.615
-0.089,-0.245,0.995,-2.686,-3.540,-5.737
-0.135,-0.159,0.995,-2.625,0.793,-6.958
-0.214,-0.023,1.001,-0.732,5.066,-7.385
-0.299,0.106,0.976,1.892,13.306,-7.568
-0.442,0.251,0.948,4.517,21.484,-8.484
-0.631,0.362,0.901,8.118,27.405,-11.719
-0.859,0.461,0.847,12.695,32.654,-19.653
-1.051,0.408,0.708,18.738,39.246,-32.104
-1.132,0.151,0.496,26.306,45.593,-52.185
-1.073,-0.223,0.352,41.443,42.725,-78.430
-0.934,-0.623,0.305,61.218,34.912,-103.088
-0.695,-1.057,0.292,81.360,35.278,-121.338
-0.232,-1.518,0.304,99.915,42.969,-135.803
0.283,-1.869,0.475,113.464,40.588,-143.494
0.811,-2.136,0.678,114.136,28.992,-143.005
1.288,-2.305,0.854,100.952,16.541,-130.005
1.551,-2.320,0.959,77.515,4.700,-97.229
1.461,-2.092,0.986,45.715,-2.808,-47.119
0.918,-1.667,0.899,10.437,-3.296,12.085
0.117,-1.114,0.786,-13.306,6.226,63.416
-0.570,-0.586,0.662,-20.386,17.517,86.975
-0.956,-0.246,0.549,-20.020,17.639,74.219
-0.969,-0.127,0.501,-13.794,3.662,37.903
-0.723,-0.226,0.520,-4.883,-11.108,-0.610
-0.399,-0.421,0.589,4.700,-17.944,-25.635
-0.116,-0.626,0.682,11.475,-18.311,-37.598
0.092,-0.811,0.756,12.756,-17.517,-40.161
0.183,-0.924,0.802,10.193,-17.151,-33.081
0.138,-0.931,0.829,6.775,-13.794,-17.700
0.007,-0.879,0.814,3.601,-6.470,-1.465
-0.112,-0.813,0.783,0.977,-2.625,8.179
-0.186,-0.751,0.751,-1.953,-4.639,9.827
-0.219,-0.699,0.719,-4.578,-7.202,7.874
-0.231,-0.674,0.703,-5.005,-7.568,6.409
-0.220,-0.668,0.709,-3.723,-7.263,4.578

1.106,-2.313,0.989,122.742,-21.912,-185.181
1.682,-2.492,1.228,102.417,-37.598,-164.734
2.001,-2.444,1.200,63.721,-30.579,-107.849
1.483,-2.024,1.040,16.846,-12.817,-18.066
0.296,-1.239,0.901,-13.428,16.052,81.299
-0.747,-0.534,0.659,-22.339,60.852,139.465
-1.251,-0.131,0.465,-15.747,76.538,122.375
-1.178,-0.001,0.379,-5.066,38.086,57.251
-0.795,-0.178,0.389,1.587,-9.521,-9.644
-0.377,-0.444,0.492,12.390,-31.189,-47.363
-0.071,-0.714,0.644,25.146,-31.128,-59.204
0.140,-0.920,0.800,30.090,-28.503,-58.044
0.256,-1.028,0.885,22.827,-28.137,-47.729
0.248,-1.054,0.902,11.658,-21.057,-28.259
0.139,-1.005,0.869,5.737,-7.690,-5.737
0.017,-0.941,0.823,3.845,2.197,9.827
-0.071,-0.868,0.791,0.366,1.282,15.503
-0.127,-0.805,0.766,-4.883,-6.042,13.245
-0.152,-0.765,0.749,-8.667,-12.573,8.606
-0.152,-0.748,0.756,-9.705,-16.418,4.639
-0.132,-0.755,0.780,-9.888,-18.372,1.465
-0.123,-0.755,0.814,-10.498,-19.165,-0.183
-0.147,-0.724,0.834,-10.681,-16.357,2.625
-0.166,-0.707,0.835,-8.240,-7.263,8.057
-0.177,-0.697,0.854,-3.357,0.488,11.414
-0.161,-0.708,0.874,-0.305,4.883,10.315
-0.135,-0.710,0.879,-0.061,5.920,7.263
-0.106,-0.719,0.859,-1.465,6.714,5.859
-0.074,-0.723,0.832,-2.380,7.385,5.005
-0.035,-0.741,0.809,-3.113,6.958,3.357
0.008,-0.764,0.797,-4.211,4.150,1.221
0.046,-0.792,0.791,-5.127,1.099,-0.061
0.066,-0.817,0.799,-6.104,-1.404,0.427
0.070,-0.834,0.802,-7.568,-2.502,2.563
0.072,-0.841,0.800,-9.338,-2.319,4.456
0.065,-0.836,0.801,-11.536,-2.441,7.141
0.045,-0.826,0.794,-13.733,-2.319,10.437
0.028,-0.818,0.781,-15.808,-1.953,12.207
0.013,-0.813,0.776,-17.090,-2.136,12.817
0.005,-0.810,0.772,-18.494,-1.892,13.489
-0.000,-0.805,0.765,-20.874,-1.282,14.709
-0.016,-0.797,0.755,-23.499,-0.488,16.296
-0.025,-0.792,0.725,-26.367,0.977,17.517
-0.021,-0.765,0.689,-28.137,0.671,20.142
-0.043,-0.724,0.677,-27.954,-1.343,25.452
-0.062,-0.713,0.673,-26.917,-1.770,29.358
-0.080,-0.712,0.680,-25.818,-2.197,30.640
-0.092,-0.714,0.693,-25.818,-3.967,30.212
-0.084,-0.716,0.695,-27.588,-6.348,28.748
-0.059,-0.702,0.701,-29.236,-9.338,28.992
-0.054,-0.653,0.714,-30.273,-11.169,32.288
-0.073,-0.611,0.716,-30.823,-10.986,38.086
-0.097,-0.569,0.716,-30.334,-10.010,42.358
-0.112,-0.536,0.722,-28.687,-10.132,43.396
-0.117,-0.520,0.746,-26.245,-11.169,42.725
-0.134,-0.516,0.781,-24.048,-11.292,41.382
-0.142,-0.515,0.796,-23.560,-10.437,38.025
-0.134,-0.507,0.797,-24.658,-12.329,32.776
-0.111,-0.492,0.802,-26.184,-16.907,27.222
-0.093,-0.483,0.811,-27.344,-19.958,24.170
-0.082,-0.466,0.817,-27.710,-20.386,22.827
-0.074,-0.437,0.813,-27.710,-18.738,21.912
-0.071,-0.394,0.809,-26.489,-17.944,21.667
-0.076,-0.361,0.812,-24.109,-18.066,20.752
-0.079,-0.339,0.820,-21.851,-18.372,18.860
-0.086,-0.334,0.841,-19.592,-18.433,16.113
-0.080,-0.333,0.854,-18.005,-17.761,12.390
-0.074,-0.342,0.867,-17.151,-17.212,8.972
-0.078,-0.354,0.881,-15.503,-16.357,6.775
-0.062,-0.360,0.891,-13.245,-13.000,5.005
-0.045,-0.361,0.903,-11.169,-9.705,4.578
-0.035,-0.363,0.903,-9.583,-6.897,6.042
-0.030,-0.360,0.896,-8.057,-4.456,7.507
-0.021,-0.359,0.887,-6.531,-2.502,8.728
-0.030,-0.356,0.890,-4.883,-1.709,9.521
-0.030,-0.354,0.888,-3.235,-1.038,8.423
-0.025,-0.354,0.887,-2.808,-1.465,6.348
-0.027,-0.353,0.887,-2.686,-2.563,4.028
-0.021,-0.355,0.884,-1.953,-2.747,1.587
-0.017,-0.353,0.888,-0.549,-2.502,0.061
-0.015,-0.350,0.894,0.732,-1.953,-0.916
-0.018,-0.349,0.892,1.526,-1.343,-1.404
-0.021,-0.344,0.890,2.014,-1.343,-2.136
-0.028,-0.335,0.897,2.930,-1.404,-2.930
-0.045,-0.326,0.905,4.272,-1.709,-3.662
-0.057,-0.323,0.907,5.005,-1.831,-5.676
-0.073,-0.310,0.916,5.127,-2.808,-8.606
-0.104,-0.267,0.939,5.249,-4.211,-11.353
-0.137,-0.234,0.943,5.554,-4.150,-13.733
-0.159,-0.198,0.927,5.737,-2.197,-16.357
-0.196,-0.161,0.909,5.981,-1.404,-18.616
-0.245,-0.108,0.891,7.874,-0.610,-20.508
-0.284,-0.084,0.848,11.963,3.235,-21.790
-0.352,-0.025,0.823,18.372,8.850,-22.400
-0.440,0.004,0.772,26.428,15.137,-21.484
-0.534,-0.012,0.696,34.546,22.705,-22.095
-0.619,-0.069,0.619,44.128,28.809,-27.771
-0.659,-0.196,0.551,54.199,31.616,-38.025
-0.631,-0.366,0.498,61.890,30.151,-51.880
-0.572,-0.573,0.471,66.467,23.621,-64.331
-0.516,-0.742,0.497,69.458,17.944,-74.280
-0.430,-0.926,0.511,70.984,18.127,-79.712
-0.270,-1.106,0.521,72.327,22.217,-85.999
-0.018,-1.303,0.586,74.951,20.630,-95.764
0.272,-1.467,0.715,75.928,9.399,-106.812
0.596,-1.641,0.884,70.984,-6.470,-113.159
0.825,-1.746,1.050,58.533,-22.583,-106.201
0.908,-1.714,1.131,39.917,-29.785,-78.247
0.770,-1.535,1.072,18.250,-20.020,-36.560
0.439,-1.250,0.935,0.305,-2.441,8.423
0.043,-0.946,0.799,-8.850,12.939,41.382
-0.292,-0.656,0.707,-11.047,19.226,54.504
-0.507,-0.479,0.643,-10.803,15.686,47.791
-0.555,-0.391,0.609,-9.216,4.700,28.809
-0.494,-0.407,0.618,-5.676,-7.568,7.507
-0.370,-0.485,0.661,0.061,-15.503,-8.301
-0.224,-0.592,0.721,6.104,-16.785,-16.602
-0.094,-0.704,0.775,10.193,-14.404,-18.311
0.002,-0.787,0.820,11.475,-11.536,-15.503

0.781,-1.879,1.058,83.862,37.292,-95.886
0.912,-1.852,1.165,64.209,31.006,-70.984
0.826,-1.669,1.118,38.025,31.494,-34.607
0.547,-1.394,0.958,11.902,37.048,5.615
0.156,-1.059,0.804,-4.395,39.490,36.255
-0.215,-0.729,0.705,-10.986,35.339,49.316
-0.459,-0.520,0.633,-13.733,26.550,44.495
-0.543,-0.415,0.618,-11.475,13.367,26.550
-0.495,-0.428,0.644,-6.104,0.916,5.981
-0.364,-0.514,0.702,1.099,-5.249,-10.559
-0.209,-0.639,0.769,7.080,-6.592,-20.081
-0.068,-0.757,0.821,10.437,-5.310,-22.461
0.047,-0.850,0.846,11.536,-2.197,-19.287
0.120,-0.908,0.851,10.803,2.075,-11.719
0.139,-0.930,0.844,8.484,5.432,-2.319
0.120,-0.921,0.826,4.211,5.737,6.531
0.084,-0.899,0.807,-0.977,2.380,12.329
0.057,-0.873,0.791,-6.348,-4.150,13.794
0.036,-0.858,0.789,-11.536,-12.878,12.756
0.025,-0.848,0.799,-15.625,-21.912,10.742
0.016,-0.845,0.823,-18.433,-28.442,9.277
0.006,-0.844,0.854,-19.958,-31.677,9.399
-0.012,-0.833,0.879,-20.813,-31.128,11.719
-0.037,-0.813,0.889,-20.935,-26.794,15.686
-0.062,-0.793,0.891,-20.752,-20.935,19.775
-0.089,-0.766,0.886,-20.630,-16.724,22.949
-0.113,-0.740,0.870,-20.508,-13.733,24.658
-0.123,-0.715,0.844,-20.630,-11.963,24.597
-0.122,-0.699,0.827,-21.179,-11.841,23.071
-0.116,-0.688,0.813,-21.729,-12.268,21.301
-0.108,-0.683,0.797,-21.973,-12.024,20.264
-0.104,-0.672,0.786,-21.484,-11.414,20.142
-0.114,-0.653,0.783,-20.386,-10.803,21.179
-0.124,-0.638,0.778,-19.836,-9.583,21.973
-0.132,-0.624,0.774,-19.714,-8.667,22.400
-0.139,-0.613,0.771,-19.104,-8.118,22.278
-0.141,-0.602,0.770,-18.250,-8.240,21.362
-0.138,-0.594,0.774,-17.090,-8.179,20.264
-0.136,-0.588,0.782,-15.808,-7.568,19.287
-0.137,-0.588,0.794,-15.320,-7.385,18.188
-0.136,-0.590,0.805,-15.991,-7.446,16.724
-0.137,-0.599,0.811,-16.724,-7.568,15.564
-0.125,-0.598,0.817,-16.357,-6.592,14.832
-0.112,-0.601,0.822,-15.747,-4.944,15.686
-0.105,-0.598,0.819,-15.259,-2.686,18.005
-0.105,-0.592,0.809,-14.404,-0.183,20.325
-0.105,-0.586,0.797,-14.099,1.953,21.057
-0.100,-0.583,0.790,-13.733,2.380,20.325
-0.090,-0.582,0.789,-13.428,1.465,18.555
-0.081,-0.584,0.788,-13.611,-0.183,17.334
-0.078,-0.578,0.790,-13.550,-1.465,16.968
-0.082,-0.562,0.792,-13.672,-2.502,16.418
-0.087,-0.546,0.791,-14.404,-3.845,15.869
-0.086,-0.535,0.787,-15.442,-5.554,14.587
-0.078,-0.525,0.778,-15.442,-6.836,13.123
-0.068,-0.520,0.779,-14.526,-7.874,12.024
-0.064,-0.517,0.784,-13.245,-8.545,12.268
-0.068,-0.515,0.793,-12.207,-8.423,12.695
-0.071,-0.512,0.802,-12.024,-8.484,12.512
-0.077,-0.510,0.812,-12.634,-9.644,12.024
-0.081,-0.505,0.819,-13.306,-10.925,11.475
-0.082,-0.500,0.820,-13.428,-10.864,11.353
-0.085,-0.490,0.821,-12.817,-9.705,11.780
-0.092,-0.480,0.818,-12.146,-8.057,12.634
-0.094,-0.471,0.814,-11.169,-6.592,12.268
-0.089,-0.463,0.813,-10.437,-5.981,10.925
-0.085,-0.460,0.816,-10.132,-5.981,10.010
-0.078,-0.458,0.816,-10.010,-5.981,9.277
-0.073,-0.454,0.815,-9.338,-5.310,9.521
-0.070,-0.446,0.812,-8.545,-4.028,10.193
-0.073,-0.441,0.810,-8.240,-2.747,10.864
-0.077,-0.433,0.804,-8.118,-1.770,11.047
-0.074,-0.422,0.792,-7.324,-1.160,10.559
-0.073,-0.413,0.785,-6.226,-1.099,9.216
-0.066,-0.407,0.782,-4.761,-1.221,7.812
-0.063,-0.396,0.782,-3.296,-1.282,6.836
-0.068,-0.384,0.783,-1.953,-1.404,6.226
-0.076,-0.369,0.782,-0.488,-1.465,5.127
-0.083,-0.350,0.786,0.916,-2.197,3.174
-0.104,-0.317,0.809,2.197,-3.723,0.793
-0.138,-0.272,0.837,3.174,-5.005,-1.587
-0.153,-0.229,0.838,4.089,-3.723,-3.113
-0.182,-0.158,0.842,5.249,-1.038,-3.479
-0.232,-0.070,0.843,7.507,3.052,-3.601
-0.311,0.060,0.843,11.353,9.705,-3.479
-0.418,0.196,0.829,17.517,19.409,-2.930
-0.553,0.295,0.790,24.963,31.067,-3.357
-0.684,0.341,0.718,32.166,40.771,-8.362
-0.761,0.254,0.613,39.795,45.837,-20.447
-0.797,0.103,0.537,49.622,45.593,-39.673
-0.779,-0.110,0.488,62.805,42.358,-60.791
-0.709,-0.377,0.455,76.294,42.725,-80.688
-0.597,-0.650,0.437,88.318,48.401,-95.032
-0.418,-0.936,0.416,97.839,58.105,-103.516
-0.157,-1.214,0.446,105.957,64.941,-113.281
0.214,-1.489,0.538,110.718,59.021,-124.268
0.613,-1.793,0.702,106.445,40.771,-131.592
0.994,-1.996,0.943,95.703,14.282,-129.944
1.232,-2.048,1.123,74.890,-6.042,-109.192
1.214,-1.937,1.126,41.931,-10.498,-64.941
0.826,-1.579,1.018,8.606,-3.235,-7.263
0.205,-1.162,0.888,-12.756,9.216,43.701
-0.332,-0.690,0.777,-18.127,22.888,71.777
-0.661,-0.427,0.678,-17.151,26.794,67.871
-0.726,-0.304,0.602,-11.719,16.357,40.894
-0.614,-0.327,0.578,-3.235,0.854,9.399
-0.432,-0.440,0.617,6.226,-7.751,-13.123
-0.245,-0.599,0.698,15.564,-9.277,-25.757
-0.083,-0.754,0.777,20.874,-8.423,-29.663
0.049,-0.881,0.832,20.630,-7.690,-27.344
0.121,-0.961,0.867,17.822,-6.165,-19.409
0.118,-0.980,0.882,13.977,-2.563,-7.080
0.071,-0.960,0.879,8.972,0.916,4.822
0.021,-0.927,0.863,3.418,0.488,12.085
-0.005,-0.896,0.846,-2.136,-4.578,13.306
-0.015,-0.879,0.839,-7.507,-12.146,11.841
-0.020,-0.871,0.847,-11.841,-19.348,10.071
-0.023,-0.870,0.865,-14.893,-24.292,9.033
-0.032,-0.865,0.890,-17.578,-27.832,9.094

0.245,-1.770,1.038,106.750,19.836,-118.164
0.548,-1.906,1.165,97.900,19.470,-107.422
0.777,-1.915,1.222,83.801,20.935,-86.792
0.840,-1.807,1.149,57.434,25.635,-50.598
0.622,-1.521,0.994,26.794,30.701,-6.409
0.200,-1.182,0.830,3.662,35.522,32.654
-0.228,-0.791,0.727,-6.531,37.170,53.223
-0.522,-0.509,0.644,-10.010,29.724,50.720
-0.614,-0.402,0.584,-10.742,15.137,29.724
-0.518,-0.432,0.586,-5.737,-1.770,1.587
-0.349,-0.546,0.652,2.380,-13.977,-20.081
-0.179,-0.709,0.744,9.460,-17.578,-31.433
-0.042,-0.843,0.829,12.695,-15.930,-32.837
0.038,-0.939,0.891,11.353,-12.878,-25.940
0.059,-0.969,0.914,7.385,-8.301,-13.367
0.037,-0.963,0.907,2.991,-3.723,-0.793
-0.001,-0.928,0.884,-2.136,-1.648,9.216
-0.037,-0.891,0.855,-7.202,-3.296,15.015
-0.065,-0.861,0.838,-11.475,-7.812,16.541
-0.093,-0.839,0.846,-15.137,-13.855,16.357
-0.115,-0.828,0.868,-18.372,-18.677,15.747
-0.128,-0.815,0.887,-20.813,-21.118,15.503
-0.141,-0.803,0.901,-22.644,-21.301,16.907
-0.153,-0.791,0.905,-23.804,-19.226,18.738
-0.160,-0.781,0.902,-24.902,-17.090,20.630
-0.165,-0.772,0.900,-25.574,-15.503,21.545
-0.167,-0.769,0.895,-25.879,-13.794,22.095
-0.164,-0.766,0.884,-26.001,-11.353,22.766
-0.162,-0.759,0.870,-25.940,-8.728,24.231
-0.166,-0.735,0.849,-25.391,-5.981,26.428
-0.178,-0.705,0.820,-25.635,-3.723,28.809
-0.191,-0.673,0.792,-26.245,-2.930,29.663
-0.192,-0.643,0.770,-26.062,-3.174,28.992
-0.191,-0.624,0.760,-25.269,-4.211,27.832
-0.196,-0.614,0.767,-24.231,-5.371,26.123
-0.199,-0.612,0.779,-23.499,-5.798,23.804
-0.202,-0.611,0.792,-23.254,-6.042,21.790
-0.198,-0.601,0.800,-23.254,-6.104,20.386
-0.198,-0.590,0.799,-23.376,-5.798,20.020
-0.199,-0.569,0.791,-22.888,-4.944,20.386
-0.197,-0.553,0.786,-21.484,-3.906,20.447
-0.192,-0.541,0.784,-20.264,-3.357,20.874
-0.188,-0.535,0.789,-19.287,-2.869,21.362
-0.192,-0.532,0.798,-18.555,-1.831,21.973
-0.198,-0.532,0.802,-18.738,-1.221,21.423
-0.201,-0.531,0.805,-19.226,-2.563,18.921
-0.189,-0.534,0.811,-19.592,-4.395,15.198
-0.174,-0.536,0.816,-19.714,-5.127,12.695
-0.161,-0.537,0.810,-19.592,-4.822,12.024
-0.149,-0.530,0.804,-18.311,-4.150,12.817
-0.150,-0.522,0.799,-17.151,-3.723,14.648
-0.150,-0.514,0.788,-16.174,-2.869,16.174
-0.151,-0.509,0.778,-15.015,-2.625,17.212
-0.149,-0.507,0.775,-14.648,-3.845,16.785
-0.142,-0.510,0.776,-15.198,-6.226,14.954
-0.138,-0.516,0.782,-16.052,-8.850,12.573
-0.138,-0.526,0.787,-17.029,-10.498,10.925
-0.139,-0.525,0.783,-16.968,-9.949,10.254
-0.134,-0.520,0.775,-16.724,-8.362,10.071
-0.131,-0.508,0.766,-16.235,-7.446,10.620
-0.133,-0.498,0.761,-15.686,-7.385,11.658
-0.130,-0.490,0.758,-15.320,-7.507,12.207
-0.135,-0.486,0.758,-15.503,-7.996,12.695
-0.145,-0.487,0.765,-15.442,-8.423,12.817
-0.149,-0.492,0.770,-15.625,-8.240,12.024
-0.156,-0.494,0.774,-16.235,-7.690,11.414
-0.162,-0.493,0.775,-16.846,-6.775,11.047
-0.164,-0.480,0.771,-17.456,-5.127,11.047
-0.160,-0.463,0.766,-18.188,-3.357,11.108
-0.151,-0.434,0.752,-18.066,-1.343,12.085
-0.146,-0.398,0.747,-17.090,0.122,13.916
-0.142,-0.361,0.746,-15.869,2.014,15.442
-0.136,-0.335,0.745,-14.832,2.747,16.296
-0.128,-0.312,0.750,-14.221,2.075,16.785
-0.125,-0.290,0.760,-14.099,1.160,17.151
-0.125,-0.268,0.768,-13.184,1.099,17.456
-0.125,-0.248,0.772,-12.329,0.366,17.761
-0.120,-0.221,0.786,-11.292,-0.977,18.005
-0.129,-0.156,0.801,-10.254,-2.075,18.616
-0.145,-0.079,0.807,-8.911,-2.380,21.545
-0.177,0.030,0.811,-5.676,0.061,27.344
-0.266,0.201,0.809,1.099,7.202,37.170
-0.388,0.414,0.779,12.451,20.996,49.805
-0.529,0.645,0.690,26.611,39.734,60.059
-0.759,0.761,0.557,37.903,54.504,62.988
-0.983,0.778,0.443,55.176,58.655,52.551
-1.162,0.641,0.345,76.172,53.589,24.048
-1.239,0.325,0.272,97.595,43.518,-21.057
-1.103,-0.119,0.223,116.821,31.372,-80.078
-0.844,-0.649,0.241,130.554,15.808,-133.850
-0.554,-1.119,0.352,139.832,1.221,-165.039
-0.259,-1.482,0.488,145.874,-0.977,-171.021
0.036,-1.748,0.667,148.315,10.132,-159.729
0.328,-1.966,0.849,143.799,20.874,-141.235
0.607,-2.112,1.043,133.240,19.836,-125.305
0.878,-2.198,1.268,115.234,6.714,-114.868
1.089,-2.161,1.376,85.876,-7.629,-97.717
1.044,-1.970,1.307,46.570,-13.977,-61.646
0.677,-1.615,1.106,8.911,-10.742,-11.963
0.145,-1.237,0.921,-13.733,-2.625,30.212
-0.299,-0.822,0.806,-20.935,2.441,51.086
-0.571,-0.580,0.706,-21.240,2.136,48.523
-0.639,-0.462,0.654,-15.808,-2.380,30.640
-0.584,-0.453,0.663,-7.202,-7.629,10.559
-0.473,-0.516,0.705,1.770,-8.789,-3.784
-0.334,-0.615,0.750,10.376,-4.822,-11.230
-0.189,-0.729,0.792,16.602,0.061,-14.282
-0.067,-0.840,0.831,18.677,3.540,-13.611
0.014,-0.922,0.858,16.602,5.920,-8.240
0.038,-0.973,0.876,12.390,8.423,-0.854
0.031,-0.990,0.874,6.775,9.094,6.836
0.009,-0.977,0.861,0.183,6.348,12.573
-0.018,-0.956,0.845,-6.409,1.221,15.259
-0.042,-0.936,0.834,-12.085,-4.150,15.625
-0.067,-0.920,0.841,-16.479,-9.583,15.015
-0.094,-0.901,0.862,-20.020,-14.526,14.404
-0.119,-0.876,0.882,-23.437,-17.456,14.160
-0.147,-0.849,0.893,-26.306,-18.860,15.198
-0.174,-0.825,0.896,-27.527,-17.639,16.846

0.451,-2.187,1.056,153.442,1.160,-148.987
0.730,-2.394,1.335,136.475,5.798,-130.493
1.037,-2.484,1.574,112.305,0.305,-113.098
1.225,-2.378,1.574,72.205,-1.648,-83.801
0.959,-1.933,1.314,20.447,3.601,-26.672
0.223,-1.351,0.934,-16.418,25.330,43.579
-0.422,-0.695,0.584,-23.376,55.725,90.393
-0.833,-0.322,0.413,-10.498,61.951,89.905
-0.868,-0.196,0.410,4.028,36.499,48.279
-0.660,-0.321,0.509,12.329,1.221,-1.587
-0.376,-0.529,0.629,19.653,-15.686,-31.189
-0.138,-0.777,0.749,30.029,-11.780,-39.001
0.065,-0.996,0.869,37.720,-4.517,-35.583
0.187,-1.157,0.969,34.973,-4.456,-27.100
0.201,-1.204,1.007,23.254,-5.371,-13.000
0.109,-1.153,0.997,10.315,-2.075,4.272
-0.016,-1.081,0.952,0.732,1.648,19.104
-0.097,-1.010,0.915,-6.714,0.183,24.780
-0.142,-0.966,0.889,-13.184,-5.798,22.949
-0.160,-0.923,0.877,-18.066,-12.207,18.921
-0.177,-0.896,0.874,-20.935,-15.503,16.602
-0.184,-0.884,0.882,-21.606,-15.564,16.235
-0.174,-0.885,0.899,-21.545,-13.733,16.541
-0.159,-0.896,0.906,-21.606,-11.169,17.822
-0.140,-0.908,0.906,-22.034,-8.118,18.677
-0.124,-0.915,0.900,-23.560,-6.348,19.775
-0.113,-0.916,0.881,-26.306,-5.981,21.606
-0.104,-0.911,0.853,-29.175,-6.348,22.522
-0.099,-0.897,0.833,-31.982,-8.057,22.766
-0.101,-0.887,0.816,-35.583,-10.376,23.193
-0.102,-0.875,0.798,-38.574,-12.146,23.132
-0.103,-0.858,0.788,-40.955,-13.489,23.254
-0.104,-0.842,0.783,-42.969,-14.587,23.865
-0.113,-0.826,0.778,-43.884,-14.038,25.513
-0.129,-0.808,0.780,-43.152,-12.390,27.771
-0.157,-0.795,0.786,-42.053,-9.644,29.236
-0.169,-0.781,0.783,-41.992,-7.935,28.931
-0.163,-0.770,0.772,-42.908,-8.301,27.405
-0.151,-0.771,0.765,-43.396,-8.728,26.123
-0.147,-0.759,0.766,-43.335,-7.568,26.672
-0.142,-0.727,0.757,-43.457,-4.944,28.503
-0.143,-0.686,0.740,-44.128,-2.380,31.006
-0.153,-0.638,0.726,-45.349,-2.136,32.410
-0.152,-0.606,0.711,-46.387,-3.174,31.006
-0.145,-0.578,0.713,-46.326,-5.554,28.625
-0.136,-0.566,0.725,-44.800,-7.263,25.818
-0.129,-0.561,0.748,-42.664,-7.507,23.315
-0.135,-0.558,0.770,-40.955,-6.531,22.400
-0.131,-0.545,0.780,-39.612,-4.150,22.461
-0.127,-0.536,0.782,-39.001,-2.197,23.254
-0.115,-0.521,0.779,-38.940,-0.549,24.536
-0.099,-0.506,0.770,-37.903,0.916,26.306
-0.092,-0.491,0.773,-36.194,1.770,29.053
-0.098,-0.475,0.775,-34.363,3.479,31.128
-0.111,-0.458,0.775,-33.386,3.845,30.945
-0.120,-0.447,0.765,-33.569,2.075,27.161
-0.108,-0.444,0.760,-33.691,-1.221,21.301
-0.096,-0.453,0.766,-33.203,-4.761,15.991
-0.073,-0.468,0.767,-32.837,-6.653,12.878
-0.056,-0.477,0.767,-32.227,-6.592,13.489
-0.055,-0.479,0.764,-31.067,-5.127,17.090
-0.061,-0.465,0.756,-30.151,-2.258,21.179
-0.074,-0.436,0.752,-29.175,0.366,24.353
-0.068,-0.394,0.744,-28.015,1.526,25.391
-0.069,-0.360,0.737,-27.649,0.732,24.475
-0.064,-0.331,0.736,-27.039,-1.282,22.827
-0.053,-0.302,0.736,-25.635,-2.930,20.874
-0.049,-0.274,0.744,-23.376,-3.906,19.775
-0.045,-0.249,0.755,-21.118,-4.333,18.860
-0.048,-0.224,0.775,-18.555,-4.639,17.822
-0.055,-0.202,0.794,-16.418,-5.371,16.235
-0.046,-0.177,0.811,-14.282,-5.737,13.794
-0.035,-0.160,0.819,-11.353,-5.920,11.475
-0.031,-0.153,0.833,-7.202,-5.737,9.827
-0.024,-0.153,0.850,-2.747,-4.883,8.301
-0.021,-0.153,0.868,1.343,-4.517,6.775
-0.021,-0.154,0.876,4.333,-4.211,4.761
-0.024,-0.148,0.881,6.897,-4.211,2.136
-0.027,-0.137,0.887,9.949,-4.456,-0.549
-0.026,-0.118,0.906,13.367,-3.967,-2.625
-0.029,-0.085,0.926,16.785,-2.441,-3.479
-0.039,-0.046,0.926,21.057,1.160,-3.113
-0.054,0.020,0.927,26.306,6.592,-2.441
-0.081,0.071,0.914,31.921,11.963,-2.075
-0.115,0.074,0.855,36.865,16.846,-2.991
-0.148,0.065,0.804,41.260,17.944,-7.690
-0.206,0.037,0.762,45.227,13.977,-15.625
-0.266,0.036,0.721,49.133,10.437,-23.560
-0.320,-0.015,0.657,54.932,10.132,-31.067
-0.377,-0.094,0.589,60.852,11.841,-37.476
-0.459,-0.183,0.521,66.345,12.268,-42.908
-0.545,-0.251,0.473,72.815,13.794,-48.767
-0.640,-0.320,0.425,79.834,17.456,-54.810
-0.754,-0.437,0.348,86.731,23.437,-60.791
-0.782,-0.647,0.270,95.398,29.114,-73.792
-0.665,-0.952,0.274,106.750,26.489,-95.459
-0.419,-1.266,0.414,118.042,12.390,-119.019
-0.031,-1.593,0.669,123.352,-4.517,-137.024
0.307,-1.854,0.929,117.249,-13.977,-140.686
0.638,-2.033,1.144,103.577,-15.076,-123.352
0.877,-2.102,1.287,81.543,-13.367,-93.567
0.920,-1.966,1.299,49.927,-10.498,-52.612
0.642,-1.630,1.148,13.794,-1.526,-0.732
0.154,-1.255,0.952,-12.329,15.686,49.744
-0.286,-0.834,0.792,-20.325,30.457,79.529
-0.580,-0.556,0.674,-18.921,32.043,82.336
-0.682,-0.424,0.613,-16.174,20.386,62.988
-0.634,-0.391,0.594,-13.489,3.113,35.217
-0.531,-0.434,0.596,-11.597,-8.972,13.000
-0.400,-0.526,0.620,-6.958,-13.184,-0.854
-0.260,-0.636,0.667,-1.343,-13.672,-7.568
-0.151,-0.751,0.730,2.136,-14.160,-8.972
-0.067,-0.848,0.790,2.625,-13.367,-6.897
-0.019,-0.923,0.843,1.709,-10.925,-1.587
-0.010,-0.958,0.878,-0.732,-7.629,6.409
-0.023,-0.963,0.901,-4.944,-5.127,14.465
-0.056,-0.949,0.912,-10.620,-4.944,20.874
-0.094,-0.934,0.920,-16.479,-7.263,23.437
-0.122,-0.920,0.925,-22.156,-11.414,23.010

0.746,-2.263,1.224,136.658,-18.860,-146.912
1.075,-2.380,1.503,110.657,-23.621,-122.620
1.193,-2.271,1.578,69.946,-16.724,-80.139
0.984,-1.944,1.401,20.081,-2.563,-23.804
0.457,-1.495,1.121,-18.555,13.306,32.349
-0.049,-0.960,0.884,-35.278,28.809,69.092
-0.407,-0.590,0.676,-37.781,36.377,77.576
-0.557,-0.382,0.552,-31.555,29.358,61.768
-0.537,-0.302,0.503,-22.522,12.878,34.912
-0.451,-0.328,0.507,-15.198,-1.648,11.169
-0.331,-0.400,0.553,-7.935,-8.789,-4.700
-0.224,-0.511,0.631,-1.770,-13.184,-14.587
-0.121,-0.631,0.713,2.075,-16.296,-20.508
-0.022,-0.744,0.780,3.906,-15.991,-22.034
0.048,-0.829,0.829,4.456,-11.841,-18.127
0.085,-0.882,0.854,3.662,-6.226,-9.705
0.083,-0.903,0.874,1.221,-2.625,-0.305
0.061,-0.895,0.877,-2.991,-1.648,7.202
0.034,-0.867,0.865,-9.155,-3.662,11.658
0.002,-0.833,0.852,-15.991,-8.850,13.367
-0.033,-0.797,0.849,-22.278,-15.686,12.329
-0.054,-0.764,0.849,-27.039,-21.301,9.705
-0.072,-0.740,0.854,-29.541,-24.963,7.996
-0.089,-0.720,0.867,-29.968,-25.635,7.446
-0.102,-0.705,0.881,-29.297,-23.804,7.690
-0.108,-0.690,0.891,-28.687,-20.935,8.728
-0.109,-0.671,0.896,-27.100,-17.334,10.437
-0.110,-0.657,0.889,-24.963,-12.756,12.573
-0.115,-0.640,0.877,-22.827,-8.606,15.015
-0.124,-0.630,0.866,-20.569,-5.798,15.991
-0.120,-0.632,0.859,-18.677,-4.211,15.320
-0.112,-0.644,0.856,-17.273,-3.357,13.855
-0.097,-0.655,0.851,-16.052,-1.770,12.817
-0.079,-0.667,0.850,-15.076,0.549,12.878
-0.069,-0.668,0.852,-15.747,2.136,13.855
-0.065,-0.672,0.844,-17.761,2.686,14.954
-0.070,-0.666,0.835,-20.569,1.160,15.991
-0.079,-0.650,0.827,-23.376,-0.977,15.930
-0.088,-0.638,0.820,-25.879,-2.747,15.503
-0.103,-0.630,0.817,-27.588,-4.517,15.076
-0.116,-0.625,0.817,-28.748,-6.348,13.672
-0.126,-0.627,0.821,-29.785,-7.751,11.841
-0.126,-0.624,0.822,-31.067,-8.423,9.705
-0.117,-0.616,0.823,-32.837,-8.545,9.216
-0.118,-0.601,0.820,-34.973,-8.240,10.925
-0.124,-0.581,0.811,-36.621,-7.202,13.855
-0.142,-0.557,0.805,-38.147,-5.920,16.602
-0.152,-0.528,0.789,-39.368,-5.066,17.944
-0.166,-0.502,0.780,-40.039,-5.371,18.066
-0.155,-0.495,0.771,-40.588,-6.104,16.357
-0.149,-0.490,0.769,-41.748,-8.179,15.198
-0.142,-0.481,0.767,-42.847,-10.376,14.221
-0.127,-0.475,0.768,-43.640,-12.024,13.123
-0.120,-0.455,0.767,-44.250,-14.771,13.550
-0.122,-0.429,0.767,-43.823,-18.311,14.832
-0.126,-0.398,0.768,-42.053,-21.057,16.296
-0.140,-0.373,0.780,-39.124,-22.278,17.090
-0.148,-0.352,0.791,-35.400,-21.729,16.296
-0.158,-0.340,0.806,-31.799,-20.813,14.832
-0.167,-0.327,0.819,-28.076,-19.775,13.062
-0.175,-0.314,0.835,-24.292,-18.311,11.047
-0.172,-0.293,0.850,-21.484,-16.541,8.606
-0.165,-0.276,0.850,-19.165,-14.587,6.470
-0.158,-0.255,0.850,-16.541,-13.245,4.761
-0.156,-0.241,0.851,-13.672,-11.963,3.723
-0.146,-0.227,0.853,-10.620,-10.193,2.319
-0.142,-0.221,0.857,-7.996,-8.789,0.977
-0.143,-0.217,0.860,-5.066,-7.385,-0.244
-0.135,-0.215,0.853,-1.770,-5.310,-2.319
-0.128,-0.215,0.855,2.380,-3.967,-3.723
-0.123,-0.215,0.856,6.226,-3.113,-5.005
-0.116,-0.212,0.859,9.705,-2.136,-6.165
-0.112,-0.211,0.861,12.817,-0.671,-6.897
-0.116,-0.208,0.868,15.320,0.793,-7.202
-0.122,-0.205,0.868,16.785,2.075,-7.019
-0.131,-0.196,0.862,18.188,3.906,-6.897
-0.142,-0.185,0.856,19.653,5.798,-6.897
-0.151,-0.172,0.846,20.752,7.507,-6.531
-0.168,-0.160,0.833,21.606,8.606,-6.165
-0.185,-0.150,0.811,22.644,9.583,-6.470
-0.202,-0.139,0.785,24.109,10.376,-6.958
-0.225,-0.123,0.771,26.917,10.376,-7.935
-0.250,-0.109,0.754,31.128,10.864,-9.155
-0.272,-0.103,0.739,36.194,12.939,-10.437
-0.304,-0.093,0.732,42.236,15.503,-10.803
-0.362,-0.080,0.723,47.913,19.409,-10.498
-0.413,-0.057,0.696,53.406,25.452,-10.742
-0.467,-0.066,0.646,58.716,32.227,-12.634
-0.530,-0.067,0.598,64.087,36.560,-16.907
-0.599,-0.097,0.548,70.007,39.246,-23.987
-0.669,-0.115,0.506,76.660,41.260,-34.119
-0.751,-0.163,0.455,83.557,43.213,-44.312
-0.776,-0.303,0.363,91.370,48.218,-55.908
-0.714,-0.519,0.291,101.746,52.185,-73.303
-0.566,-0.786,0.312,115.662,47.913,-92.834
-0.350,-1.075,0.443,127.930,36.438,-110.962
-0.089,-1.360,0.638,133.118,25.391,-125.488
0.180,-1.655,0.880,129.700,16.602,-132.019
0.476,-1.875,1.114,118.896,6.348,-127.991
0.741,-1.986,1.282,99.060,-0.244,-114.502
0.865,-1.964,1.318,66.284,-1.160,-85.083
0.750,-1.736,1.238,29.541,2.808,-41.992
0.381,-1.407,1.093,-2.075,10.803,2.747
-0.045,-1.065,0.936,-20.264,20.996,34.729
-0.337,-0.694,0.791,-25.940,26.428,45.166
-0.488,-0.520,0.643,-27.100,22.827,35.461
-0.463,-0.443,0.548,-19.836,11.780,14.587
-0.355,-0.485,0.543,-7.690,-1.160,-6.897
-0.239,-0.586,0.625,4.272,-11.353,-22.400
-0.138,-0.718,0.744,12.878,-16.541,-30.701
-0.060,-0.834,0.856,16.541,-17.273,-32.532
-0.002,-0.916,0.935,16.235,-14.465,-28.870
0.035,-0.965,0.971,12.756,-9.216,-20.752
0.045,-0.983,0.966,8.118,-2.930,-9.583
0.036,-0.969,0.946,4.578,3.906,0.549
0.018,-0.954,0.916,0.793,8.118,8.423
0.004,-0.939,0.892,-4.028,6.348,12.329
-0.003,-0.927,0.884,-10.132,-0.977,12.573
-0.018,-0.913,0.883,-17.212,-9.521,12.024

0.443,-1.775,1.063,105.652,41.626,-75.928
0.665,-1.880,1.153,88.806,35.522,-64.087
0.780,-1.878,1.203,66.895,29.541,-44.250
0.781,-1.779,1.196,41.443,24.719,-14.526
0.625,-1.596,1.102,12.756,23.254,17.456
0.371,-1.380,0.994,-12.146,20.203,44.739
0.128,-1.173,0.879,-30.823,12.573,58.594
-0.052,-0.978,0.802,-42.053,-1.526,58.777
-0.151,-0.853,0.752,-49.072,-16.785,49.622
-0.178,-0.771,0.723,-50.415,-29.419,37.048
-0.162,-0.724,0.726,-46.997,-36.499,27.527
-0.156,-0.697,0.752,-41.443,-37.476,22.461
-0.164,-0.684,0.788,-36.011,-33.997,20.874
-0.175,-0.671,0.820,-32.043,-29.114,21.057
-0.188,-0.641,0.842,-28.687,-24.414,22.156
-0.210,-0.618,0.855,-25.574,-19.714,22.949
-0.215,-0.600,0.865,-22.339,-15.381,22.339
-0.215,-0.578,0.866,-19.470,-11.780,19.897
-0.204,-0.568,0.864,-17.029,-9.155,17.212
-0.187,-0.566,0.854,-14.893,-7.935,14.832
-0.167,-0.569,0.847,-12.939,-7.263,12.817
-0.143,-0.578,0.840,-11.475,-6.348,11.414
-0.124,-0.590,0.835,-10.132,-5.188,10.254
-0.106,-0.603,0.832,-9.338,-4.211,8.789
-0.083,-0.616,0.824,-9.094,-3.723,7.263
-0.064,-0.628,0.812,-9.949,-4.150,7.019
-0.048,-0.640,0.801,-11.353,-4.700,7.385
-0.040,-0.649,0.791,-12.329,-5.127,7.935
-0.035,-0.657,0.785,-12.573,-5.554,8.362
-0.028,-0.662,0.778,-13.062,-6.287,8.484
-0.021,-0.666,0.773,-13.428,-7.629,8.606
-0.020,-0.672,0.775,-14.221,-9.583,8.972
-0.025,-0.677,0.784,-15.503,-11.658,9.583
-0.031,-0.679,0.791,-17.151,-13.000,9.949
-0.036,-0.678,0.803,-19.348,-14.404,10.925
-0.053,-0.669,0.814,-21.851,-15.503,12.329
-0.068,-0.664,0.814,-23.926,-15.137,13.245
-0.075,-0.653,0.818,-24.963,-14.221,13.672
-0.083,-0.645,0.828,-25.146,-13.550,14.343
-0.090,-0.637,0.839,-25.024,-12.756,15.137
-0.094,-0.626,0.840,-24.963,-11.902,15.991
-0.096,-0.612,0.838,-25.085,-10.986,16.907
-0.097,-0.601,0.835,-25.330,-10.376,17.883
-0.099,-0.588,0.833,-25.574,-10.559,18.372
-0.103,-0.579,0.832,-25.635,-11.169,18.127
-0.101,-0.572,0.836,-25.757,-11.719,17.151
-0.098,-0.566,0.841,-26.306,-12.512,16.052
-0.099,-0.559,0.837,-27.405,-13.550,15.381
-0.097,-0.556,0.835,-27.893,-14.404,14.648
-0.098,-0.550,0.835,-27.832,-14.954,13.794
-0.094,-0.546,0.833,-27.405,-14.954,13.550
-0.087,-0.541,0.825,-26.917,-14.526,13.794
-0.087,-0.532,0.825,-25.879,-14.099,14.832
-0.092,-0.514,0.823,-25.024,-12.817,15.991
-0.094,-0.499,0.818,-24.780,-10.925,16.296
-0.093,-0.475,0.810,-25.208,-10.071,16.174
-0.088,-0.447,0.806,-25.879,-10.010,15.747
-0.079,-0.417,0.802,-26.489,-10.132,15.015
-0.076,-0.387,0.800,-26.428,-10.071,14.771
-0.082,-0.359,0.797,-25.452,-9.705,14.893
-0.087,-0.336,0.795,-23.621,-8.789,14.404
-0.083,-0.315,0.799,-21.362,-8.240,13.184
-0.083,-0.297,0.809,-19.104,-8.789,12.207
-0.083,-0.283,0.822,-17.151,-9.033,11.658
-0.086,-0.272,0.836,-15.198,-7.874,11.169
-0.089,-0.259,0.845,-13.123,-6.531,10.742
-0.087,-0.249,0.854,-11.108,-5.432,9.949
-0.081,-0.242,0.858,-9.644,-4.944,8.850
-0.075,-0.235,0.861,-8.545,-5.127,8.240
-0.071,-0.230,0.863,-7.141,-4.822,7.935
-0.073,-0.224,0.866,-4.822,-4.028,7.507
-0.077,-0.216,0.872,-2.502,-3.052,6.714
-0.083,-0.205,0.871,-0.427,-2.136,5.005
-0.085,-0.201,0.869,2.014,-1.892,2.747
-0.088,-0.195,0.866,4.944,-2.075,0.427
-0.092,-0.183,0.879,8.057,-2.197,-1.160
-0.103,-0.160,0.894,10.864,-0.916,-1.892
-0.118,-0.123,0.893,13.000,2.075,-1.404
-0.138,-0.073,0.882,14.771,5.493,-0.732
-0.166,-0.010,0.871,17.151,7.874,-1.160
-0.207,0.059,0.864,19.958,9.583,-2.625
-0.260,0.158,0.864,23.437,11.597,-4.272
-0.330,0.278,0.845,28.015,15.015,-5.371
-0.417,0.386,0.777,33.447,21.790,-5.188
-0.515,0.422,0.681,40.833,30.518,-6.714
-0.594,0.377,0.551,51.086,37.415,-12.207
-0.699,0.281,0.446,62.622,40.710,-23.071
-0.759,0.078,0.337,76.355,39.856,-36.194
-0.775,-0.174,0.245,91.736,38.574,-55.725
-0.750,-0.486,0.212,109.314,34.729,-79.651
-0.651,-0.774,0.226,125.732,28.198,-102.051
-0.503,-1.104,0.274,136.597,22.827,-118.042
-0.296,-1.401,0.399,142.578,16.785,-128.296
-0.092,-1.639,0.614,143.921,8.362,-134.766
0.172,-1.878,0.877,138.916,-2.075,-137.878
0.483,-2.082,1.148,125.793,-11.108,-133.667
0.746,-2.204,1.394,104.797,-15.930,-117.676
0.922,-2.195,1.491,74.951,-13.489,-87.402
0.907,-1.987,1.395,35.889,-2.625,-42.542
0.609,-1.667,1.159,-2.930,11.292,10.803
0.200,-1.325,0.926,-27.649,22.827,54.016
-0.160,-0.935,0.770,-36.804,25.940,73.914
-0.406,-0.682,0.664,-39.917,16.785,70.740
-0.501,-0.532,0.613,-38.696,0.366,51.514
-0.469,-0.466,0.603,-33.875,-14.160,27.832
-0.399,-0.490,0.626,-26.367,-22.095,10.315
-0.328,-0.540,0.682,-16.785,-22.461,0.427
-0.270,-0.612,0.747,-8.484,-18.555,-3.601
-0.216,-0.684,0.805,-3.784,-14.709,-4.578
-0.162,-0.748,0.845,-1.831,-11.475,-3.906
-0.111,-0.804,0.873,-1.160,-8.362,-2.502
-0.079,-0.843,0.900,-1.587,-5.981,1.770
-0.072,-0.868,0.918,-3.052,-3.967,7.019
-0.075,-0.870,0.918,-6.104,-2.563,11.719
-0.086,-0.859,0.907,-10.559,-2.686,15.747
-0.101,-0.838,0.893,-15.320,-3.906,17.944
-0.118,-0.823,0.874,-19.592,-5.432,18.555
-0.116,-0.805,0.857,-22.278,-6.531,18.127
-0.110,-0.789,0.852,-23.743,-7.507,17.578

0.388,-1.980,1.162,120.972,-2.136,-128.540
0.689,-2.137,1.353,105.591,-1.099,-114.563
0.926,-2.168,1.430,81.360,2.808,-87.036
0.963,-2.033,1.360,44.922,8.545,-45.349
0.753,-1.776,1.167,6.104,14.893,4.272
0.396,-1.481,0.973,-22.278,19.714,46.326
0.053,-1.164,0.830,-37.048,18.250,68.970
-0.225,-0.869,0.764,-43.823,6.226,71.533
-0.384,-0.703,0.720,-48.950,-10.193,59.082
-0.427,-0.587,0.697,-49.072,-25.269,39.978
-0.402,-0.540,0.689,-45.715,-33.447,23.132
-0.359,-0.532,0.702,-38.879,-33.875,13.062
-0.324,-0.550,0.734,-29.236,-28.503,8.423
-0.294,-0.582,0.770,-20.203,-21.301,6.836
-0.265,-0.620,0.800,-14.221,-15.503,6.042
-0.235,-0.652,0.828,-10.559,-12.085,5.066
-0.209,-0.691,0.861,-8.789,-10.193,4.517
-0.192,-0.722,0.887,-8.301,-9.155,5.066
-0.184,-0.743,0.907,-8.240,-7.629,6.470
-0.181,-0.753,0.913,-9.094,-6.165,8.362
-0.178,-0.759,0.911,-10.681,-5.371,10.559
-0.171,-0.760,0.900,-12.817,-4.517,12.146
-0.157,-0.754,0.886,-14.099,-3.052,13.428
-0.144,-0.745,0.872,-15.259,-1.587,14.771
-0.134,-0.737,0.857,-16.052,-0.549,16.296
-0.125,-0.725,0.839,-17.456,0.122,17.456
-0.117,-0.714,0.822,-19.287,-0.549,18.555
-0.104,-0.718,0.810,-21.057,-1.770,19.531
-0.102,-0.723,0.809,-21.973,-3.296,19.897
-0.103,-0.722,0.812,-22.827,-5.005,19.348
-0.104,-0.724,0.819,-24.414,-6.653,18.799
-0.108,-0.723,0.824,-26.794,-8.606,19.043
-0.114,-0.720,0.819,-29.602,-10.315,19.470
-0.121,-0.715,0.810,-31.128,-10.742,20.203
-0.126,-0.710,0.817,-31.799,-10.315,21.606
-0.140,-0.698,0.825,-32.898,-9.827,23.560
-0.155,-0.689,0.835,-34.180,-8.850,24.536
-0.157,-0.676,0.832,-35.217,-7.629,24.292
-0.151,-0.661,0.828,-36.194,-7.019,24.292
-0.149,-0.648,0.829,-36.133,-6.958,24.902
-0.149,-0.633,0.835,-35.889,-6.348,25.574
-0.151,-0.611,0.834,-35.950,-5.676,25.818
-0.156,-0.594,0.831,-36.804,-5.676,25.513
-0.162,-0.581,0.833,-38.208,-6.592,23.926
-0.156,-0.558,0.827,-39.124,-8.179,21.729
-0.142,-0.546,0.825,-39.734,-9.033,19.958
-0.130,-0.538,0.825,-39.856,-9.338,19.592
-0.121,-0.525,0.817,-39.734,-8.789,20.386
-0.115,-0.512,0.805,-38.635,-7.202,21.423
-0.111,-0.495,0.797,-36.499,-5.798,22.888
-0.110,-0.469,0.796,-34.485,-4.700,24.719
-0.108,-0.451,0.788,-32.715,-3.662,25.757
-0.102,-0.429,0.785,-31.189,-2.991,26.184
-0.102,-0.409,0.783,-29.663,-3.174,26.184
-0.099,-0.390,0.788,-28.564,-3.723,24.841
-0.101,-0.377,0.797,-28.625,-5.127,23.132
-0.110,-0.358,0.810,-29.419,-7.202,21.118
-0.111,-0.344,0.822,-29.968,-8.606,18.494
-0.107,-0.331,0.827,-29.968,-8.850,16.296
-0.109,-0.311,0.824,-28.931,-8.301,15.686
-0.111,-0.293,0.825,-26.367,-6.653,15.503
-0.111,-0.273,0.822,-23.132,-4.761,15.625
-0.114,-0.255,0.825,-20.264,-3.418,15.442
-0.114,-0.239,0.830,-17.822,-2.625,14.709
-0.111,-0.226,0.829,-15.808,-1.892,13.672
-0.106,-0.211,0.825,-14.038,-1.404,12.390
-0.100,-0.198,0.821,-11.963,-0.916,10.986
-0.094,-0.190,0.816,-9.766,-0.305,9.766
-0.089,-0.180,0.816,-7.507,0.488,8.301
-0.084,-0.173,0.814,-5.249,1.648,7.263
-0.077,-0.162,0.809,-2.930,2.075,6.165
-0.077,-0.152,0.807,-1.099,1.648,5.188
-0.079,-0.139,0.808,1.160,0.916,4.395
-0.089,-0.131,0.808,3.601,0.671,3.357
-0.096,-0.123,0.807,5.859,0.977,2.136
-0.098,-0.119,0.803,8.240,1.160,0.671
-0.102,-0.114,0.802,10.620,1.160,-1.038
-0.105,-0.108,0.805,12.939,0.854,-2.563
-0.115,-0.099,0.809,14.954,0.793,-3.296
-0.130,-0.080,0.812,17.334,1.526,-4.028
-0.154,-0.048,0.816,20.203,3.357,-5.066
-0.175,-0.021,0.813,23.376,5.920,-6.531
-0.196,-0.001,0.800,26.184,8.179,-9.155
-0.225,0.022,0.792,28.687,8.789,-12.939
-0.258,0.049,0.778,32.104,8.667,-16.846
-0.287,0.051,0.755,36.865,10.254,-20.996
-0.311,0.054,0.728,42.664,13.489,-25.391
-0.342,0.059,0.703,49.255,17.151,-28.809
-0.384,0.046,0.665,55.847,22.217,-31.128
-0.432,0.005,0.612,62.256,27.771,-34.241
-0.470,-0.051,0.553,68.115,33.264,-39.246
-0.514,-0.136,0.474,74.707,37.354,-45.410
-0.548,-0.239,0.382,83.435,41.260,-52.368
-0.576,-0.345,0.299,96.741,44.434,-60.730
-0.637,-0.446,0.256,114.624,48.218,-67.993
-0.669,-0.614,0.232,133.911,56.824,-76.721
-0.618,-0.837,0.246,152.588,67.627,-90.942
-0.501,-1.074,0.323,167.969,70.374,-106.506
-0.338,-1.338,0.475,173.584,62.988,-120.300
-0.086,-1.656,0.665,170.410,49.011,-130.798
0.259,-1.987,0.903,162.781,35.522,-138.000
0.658,-2.264,1.169,149.231,20.264,-136.353
1.063,-2.451,1.341,123.962,7.263,-119.385
1.274,-2.403,1.348,84.290,3.662,-81.482
1.038,-2.050,1.225,35.034,4.517,-22.278
0.461,-1.650,1.043,-6.165,9.155,36.255
-0.030,-1.156,0.905,-25.208,16.785,70.618
-0.357,-0.822,0.805,-33.508,13.184,74.768
-0.493,-0.654,0.756,-34.912,-0.549,56.824
-0.467,-0.574,0.743,-28.992,-12.939,32.715
-0.398,-0.587,0.745,-21.973,-16.113,16.418
-0.325,-0.633,0.762,-13.306,-12.085,8.606
-0.254,-0.698,0.789,-5.737,-6.775,5.005
-0.185,-0.772,0.820,-1.709,-4.700,2.747
-0.120,-0.840,0.849,-0.366,-4.822,1.770
-0.073,-0.890,0.867,-0.610,-5.127,3.052
-0.054,-0.914,0.877,-1.465,-4.700,6.775
-0.058,-0.923,0.880,-3.052,-3.296,12.024
-0.071,-0.922,0.878,-5.493,-2.625,15.930

0.468,-1.870,0.926,122.742,54.077,-88.135
0.826,-1.992,1.045,102.783,32.959,-93.201
1.101,-2.042,1.131,80.688,18.677,-83.801
1.179,-1.960,1.150,51.880,8.911,-55.054
0.950,-1.714,1.064,19.409,3.479,-11.963
0.506,-1.373,0.945,-6.714,3.662,30.212
0.041,-1.028,0.850,-21.606,6.897,58.105
-0.310,-0.709,0.803,-25.818,4.272,63.232
-0.491,-0.542,0.756,-25.757,-2.441,50.598
-0.505,-0.461,0.705,-21.851,-8.423,29.602
-0.437,-0.454,0.671,-15.381,-10.071,13.000
-0.339,-0.495,0.666,-7.812,-7.385,2.441
-0.233,-0.569,0.694,-0.732,-3.601,-3.723
-0.130,-0.658,0.735,4.028,-1.221,-7.568
-0.032,-0.749,0.775,5.798,0.793,-9.338
0.039,-0.810,0.809,5.493,2.563,-6.409
0.086,-0.859,0.826,4.028,5.310,-1.343
0.109,-0.884,0.821,1.343,6.470,4.639
0.115,-0.896,0.812,-2.991,3.601,9.766
0.113,-0.899,0.802,-8.606,-2.441,12.512
0.104,-0.896,0.794,-15.015,-9.766,13.550
0.089,-0.881,0.787,-21.545,-17.456,13.977
0.065,-0.866,0.790,-26.550,-24.170,14.282
0.034,-0.846,0.798,-30.334,-29.053,15.198
-0.000,-0.820,0.803,-32.837,-31.189,16.418
-0.035,-0.794,0.804,-34.607,-30.945,17.456
-0.062,-0.774,0.797,-35.461,-29.297,18.555
-0.078,-0.766,0.797,-34.973,-26.489,19.226
-0.079,-0.766,0.798,-33.386,-22.400,19.836
-0.075,-0.764,0.801,-31.982,-17.944,21.301
-0.071,-0.764,0.799,-31.250,-13.428,22.705
-0.072,-0.751,0.797,-32.349,-9.827,24.353
-0.083,-0.725,0.787,-34.546,-7.324,25.452
-0.092,-0.686,0.771,-37.231,-5.920,25.391
-0.108,-0.658,0.765,-39.551,-5.920,24.170
-0.113,-0.631,0.766,-41.016,-7.690,21.179
-0.105,-0.617,0.770,-41.931,-10.315,17.212
-0.099,-0.613,0.783,-41.931,-13.062,14.282
-0.084,-0.615,0.791,-41.199,-15.076,13.062
-0.080,-0.630,0.809,-39.856,-15.564,13.733
-0.082,-0.613,0.828,-38.574,-15.320,16.663
-0.081,-0.584,0.842,-39.001,-13.550,19.104
-0.082,-0.550,0.841,-40.466,-12.268,21.790
-0.082,-0.524,0.838,-42.053,-12.756,24.231
-0.080,-0.501,0.841,-43.762,-14.038,25.513
-0.090,-0.486,0.844,-44.861,-15.381,26.062
-0.090,-0.471,0.844,-45.349,-15.381,24.780
-0.090,-0.458,0.849,-44.556,-15.442,23.071
-0.093,-0.451,0.861,-43.335,-15.808,21.606
-0.094,-0.445,0.877,-42.053,-15.808,20.142
-0.087,-0.424,0.888,-41.443,-14.893,18.799
-0.080,-0.409,0.886,-40.894,-13.428,18.250
-0.076,-0.382,0.886,-39.673,-12.329,19.409
-0.084,-0.362,0.894,-38.025,-11.719,21.057
-0.094,-0.340,0.900,-36.072,-10.437,22.156
-0.100,-0.320,0.901,-34.119,-8.545,21.606
-0.100,-0.302,0.893,-32.104,-7.202,20.020
-0.099,-0.284,0.882,-29.053,-6.714,17.761
-0.093,-0.271,0.883,-24.292,-6.287,15.137
-0.083,-0.262,0.891,-20.081,-5.676,12.268
-0.072,-0.256,0.898,-17.273,-4.578,10.071
-0.059,-0.248,0.898,-15.381,-3.235,8.484
-0.053,-0.243,0.894,-14.404,-2.502,7.690
-0.046,-0.235,0.890,-13.245,-2.197,6.958
-0.037,-0.229,0.885,-11.841,-1.953,5.798
-0.022,-0.224,0.884,-10.010,-1.770,5.005
-0.011,-0.222,0.889,-8.118,-1.770,5.310
-0.005,-0.216,0.892,-6.409,-0.916,5.554
-0.007,-0.207,0.893,-4.883,-0.122,5.615
-0.013,-0.199,0.890,-3.845,0.061,4.822
-0.022,-0.197,0.891,-2.808,-0.366,3.113
-0.032,-0.194,0.895,-1.648,-0.732,0.671
-0.039,-0.188,0.895,0.122,-0.366,-2.014
-0.042,-0.179,0.895,2.136,0.549,-4.150
-0.041,-0.167,0.892,4.395,1.099,-6.653
-0.041,-0.150,0.895,6.714,1.953,-8.789
-0.045,-0.124,0.899,8.911,3.052,-10.132
-0.061,-0.091,0.903,11.536,5.188,-10.498
-0.089,-0.049,0.903,13.855,8.545,-10.071
-0.126,0.004,0.895,15.991,12.085,-9.583
-0.170,0.057,0.879,18.372,15.503,-9.583
-0.218,0.127,0.856,21.729,19.165,-10.315
-0.278,0.177,0.827,25.452,22.644,-11.414
-0.341,0.234,0.784,30.334,25.208,-13.367
-0.409,0.247,0.738,35.156,27.039,-16.113
-0.462,0.202,0.674,40.710,29.907,-20.996
-0.509,0.107,0.604,47.119,33.447,-27.954
-0.552,-0.005,0.559,54.321,36.804,-37.476
-0.589,-0.124,0.514,62.622,39.856,-47.546
-0.618,-0.277,0.479,69.641,45.715,-57.312
-0.622,-0.445,0.412,77.026,53.589,-65.979
-0.619,-0.664,0.391,89.783,62.988,-76.355
-0.538,-0.873,0.372,107.239,71.899,-91.370
-0.419,-1.001,0.442,131.226,76.050,-103.210
-0.266,-1.124,0.524,146.423,79.224,-111.511
-0.044,-1.351,0.656,155.457,81.055,-117.615
0.192,-1.510,0.779,152.344,75.195,-121.643
0.480,-1.664,0.905,142.212,63.293,-119.080
0.693,-1.761,1.009,122.192,50.293,-108.582
0.867,-1.802,1.075,96.375,36.560,-86.609
0.874,-1.703,1.077,64.880,26.489,-54.443
0.693,-1.529,1.010,31.799,22.034,-16.418
0.385,-1.327,0.921,5.554,19.714,14.587
0.092,-1.099,0.837,-10.925,13.672,30.273
-0.119,-0.876,0.802,-18.860,0.977,29.968
-0.223,-0.754,0.736,-25.269,-11.658,20.691
-0.228,-0.703,0.710,-24.780,-20.752,7.019
-0.170,-0.696,0.704,-19.104,-25.146,-5.005
-0.107,-0.731,0.734,-13.855,-25.330,-12.695
-0.028,-0.795,0.774,-9.155,-22.888,-14.221
0.039,-0.841,0.811,-6.531,-18.311,-11.902
0.091,-0.880,0.840,-4.395,-12.634,-6.897
0.120,-0.899,0.856,-2.869,-7.080,-0.916
0.135,-0.907,0.862,-3.113,-3.052,5.432
0.143,-0.911,0.861,-4.517,-1.526,10.010
0.144,-0.904,0.856,-6.531,-1.709,13.550
0.139,-0.899,0.846,-9.399,-2.808,16.785
0.135,-0.876,0.829,-12.817,-4.517,19.653
0.118,-0.873,0.819,-16.541,-6.592,21.240

1.140,-2.054,0.753,114.014,16.663,-135.376
1.281,-2.114,0.957,85.876,-3.418,-104.919
1.180,-1.958,1.087,50.354,-13.550,-56.335
0.801,-1.683,1.052,9.888,-11.169,-0.916
0.376,-1.388,0.943,-19.897,-2.869,42.297
0.028,-1.053,0.836,-35.461,-0.732,62.378
-0.208,-0.815,0.751,-42.236,-8.362,59.631
-0.296,-0.682,0.686,-44.922,-19.165,41.748
-0.267,-0.621,0.654,-40.527,-26.978,22.095
-0.196,-0.632,0.657,-31.128,-28.320,8.118
-0.117,-0.671,0.693,-19.775,-24.353,1.343
-0.049,-0.728,0.734,-10.437,-17.578,-0.122
0.004,-0.787,0.767,-4.150,-11.169,1.099
0.053,-0.838,0.801,-0.610,-6.958,3.357
0.085,-0.877,0.832,0.305,-5.554,6.409
0.096,-0.906,0.859,-0.366,-5.615,10.071
0.091,-0.922,0.880,-2.319,-6.470,13.489
0.078,-0.922,0.897,-5.005,-7.812,15.381
0.065,-0.914,0.906,-8.789,-9.705,17.212
0.054,-0.904,0.904,-13.428,-11.780,18.677
0.047,-0.886,0.891,-17.517,-13.123,19.897
0.042,-0.872,0.877,-19.836,-13.306,20.752
0.036,-0.856,0.866,-21.057,-12.573,21.729
0.031,-0.838,0.855,-22.522,-11.963,22.400
0.029,-0.819,0.834,-24.292,-11.719,22.583
0.026,-0.805,0.817,-26.062,-12.451,22.644
0.022,-0.790,0.806,-27.649,-13.672,22.888
0.016,-0.785,0.800,-28.931,-14.343,22.461
0.010,-0.777,0.793,-30.334,-15.076,21.606
0.005,-0.777,0.786,-31.677,-15.869,20.630
0.011,-0.774,0.775,-32.715,-16.602,19.653
0.016,-0.778,0.767,-33.447,-17.456,19.348
0.024,-0.763,0.766,-34.729,-17.639,19.775
0.028,-0.746,0.756,-36.316,-17.212,20.752
0.029,-0.722,0.746,-37.781,-16.968,23.193
0.013,-0.700,0.740,-38.208,-17.151,26.001
-0.005,-0.686,0.739,-38.147,-16.846,27.100
-0.006,-0.672,0.748,-37.415,-16.663,25.879
-0.006,-0.666,0.762,-36.987,-17.334,24.719
-0.010,-0.658,0.779,-36.316,-17.761,24.536
-0.014,-0.654,0.784,-36.377,-16.357,25.085
-0.019,-0.647,0.783,-36.499,-14.832,25.452
-0.014,-0.627,0.786,-36.377,-13.855,25.574
-0.012,-0.609,0.783,-36.621,-13.000,25.635
-0.017,-0.594,0.776,-37.659,-13.367,25.330
-0.015,-0.584,0.768,-38.757,-14.587,23.804
-0.007,-0.574,0.762,-39.978,-16.357,22.522
-0.004,-0.559,0.759,-40.588,-18.250,21.851
-0.001,-0.540,0.756,-40.649,-19.287,22.461
-0.004,-0.515,0.759,-40.405,-19.958,23.682
-0.008,-0.485,0.766,-40.527,-20.508,24.475
-0.015,-0.453,0.772,-40.527,-21.240,24.536
-0.021,-0.427,0.779,-40.527,-22.156,23.804
-0.032,-0.401,0.792,-40.161,-22.827,22.339
-0.035,-0.380,0.799,-39.673,-22.644,20.142
-0.035,-0.361,0.805,-38.452,-21.484,18.188
-0.035,-0.338,0.810,-36.926,-20.142,17.090
-0.041,-0.328,0.819,-34.485,-18.799,16.174
-0.045,-0.310,0.832,-31.372,-17.334,15.930
-0.044,-0.292,0.844,-28.381,-15.503,15.503
-0.036,-0.270,0.849,-25.879,-13.977,14.954
-0.036,-0.250,0.861,-23.254,-13.977,14.893
-0.039,-0.229,0.876,-20.874,-14.038,13.916
-0.036,-0.219,0.887,-19.104,-13.672,11.963
-0.036,-0.216,0.894,-17.212,-13.733,10.010
-0.039,-0.218,0.900,-16.113,-13.306,7.996
-0.037,-0.223,0.900,-14.587,-12.085,5.432
-0.031,-0.229,0.905,-11.963,-10.193,3.296
-0.030,-0.231,0.909,-8.911,-8.667,1.709
-0.030,-0.230,0.905,-6.409,-6.348,0.549
-0.032,-0.232,0.901,-3.784,-4.639,-0.671
-0.036,-0.233,0.895,-1.526,-3.113,-1.953
-0.034,-0.234,0.890,0.793,-2.197,-2.930
-0.028,-0.234,0.888,2.441,-1.587,-3.662
-0.028,-0.235,0.888,3.601,-1.160,-3.845
-0.033,-0.233,0.884,4.517,-0.183,-3.967
-0.037,-0.215,0.883,5.737,1.343,-4.150
-0.047,-0.196,0.883,7.385,2.563,-4.822
-0.055,-0.173,0.881,8.789,4.028,-5.676
-0.067,-0.155,0.878,10.132,5.127,-6.592
-0.085,-0.119,0.879,11.780,5.554,-8.057
-0.110,-0.093,0.875,13.367,5.859,-9.216
-0.133,-0.064,0.864,15.564,7.263,-10.498
-0.151,-0.030,0.852,18.433,9.155,-11.597
-0.186,0.002,0.844,22.156,11.292,-12.024
-0.222,0.002,0.808,26.306,15.259,-11.108
-0.244,-0.026,0.759,31.128,20.935,-10.986
-0.277,-0.065,0.704,38.025,24.902,-11.902
-0.324,-0.148,0.650,46.387,27.649,-12.512
-0.360,-0.249,0.587,57.373,30.762,-14.954
-0.410,-0.326,0.553,72.327,34.058,-20.569
-0.483,-0.419,0.543,88.318,39.978,-31.067
-0.504,-0.521,0.528,99.548,48.401,-46.326
-0.482,-0.637,0.509,107.605,54.138,-64.636
-0.445,-0.760,0.500,116.882,55.969,-81.421
-0.349,-0.914,0.499,122.131,55.603,-97.778
-0.175,-1.125,0.516,126.404,50.171,-116.821
0.074,-1.330,0.604,130.127,37.964,-135.132
0.344,-1.600,0.782,128.967,20.386,-150.940
0.698,-1.838,0.968,121.887,2.441,-156.311
0.993,-1.976,1.097,103.882,-7.935,-144.653
1.134,-1.974,1.159,73.059,-12.695,-109.558
0.974,-1.756,1.148,31.799,-11.658,-52.551
0.530,-1.430,1.072,-4.761,-5.127,10.376
0.048,-1.144,0.957,-27.893,8.057,56.763
-0.253,-0.738,0.867,-35.522,18.372,76.721
-0.452,-0.531,0.737,-42.542,19.470,70.923
-0.496,-0.403,0.608,-43.640,11.292,49.683
-0.426,-0.359,0.531,-35.400,1.404,24.048
-0.333,-0.410,0.529,-21.484,-5.676,3.235
-0.220,-0.503,0.587,-5.493,-8.179,-9.583
-0.110,-0.623,0.676,6.104,-8.545,-17.395
-0.024,-0.735,0.762,11.536,-8.484,-19.714
0.043,-0.818,0.823,11.169,-7.690,-17.700
0.084,-0.875,0.855,7.202,-5.737,-12.085
0.104,-0.903,0.861,2.869,-3.540,-4.761
0.107,-0.916,0.848,-0.977,-1.587,2.319
0.100,-0.913,0.834,-5.127,-1.526,8.667
0.080,-0.900,0.829,-9.827,-4.456,13.428

0.517,-1.833,0.895,119.568,14.587,-133.423
0.791,-1.968,1.101,101.135,0.671,-122.559
0.952,-2.020,1.208,74.036,-6.836,-98.511
0.951,-1.841,1.207,42.786,-8.118,-60.120
0.687,-1.558,1.082,7.446,-1.648,-13.489
0.273,-1.211,0.938,-16.418,6.958,26.428
-0.097,-0.848,0.833,-23.926,12.451,48.706
-0.359,-0.591,0.756,-23.437,10.193,48.767
-0.464,-0.492,0.693,-22.400,1.343,31.555
-0.419,-0.474,0.648,-18.127,-7.385,9.155
-0.302,-0.519,0.632,-11.169,-12.207,-6.958
-0.178,-0.601,0.648,-2.869,-11.108,-14.587
-0.076,-0.695,0.691,4.639,-7.141,-16.296
0.005,-0.777,0.746,9.155,-4.517,-14.648
0.058,-0.841,0.787,9.583,-4.089,-10.437
0.080,-0.875,0.820,7.019,-3.967,-4.700
0.082,-0.886,0.841,3.540,-3.357,1.099
0.074,-0.884,0.845,0.305,-2.441,6.531
0.068,-0.874,0.843,-3.113,-3.052,9.705
0.064,-0.861,0.838,-7.385,-5.920,11.230
0.051,-0.843,0.838,-12.268,-10.620,12.268
0.022,-0.819,0.839,-17.334,-15.259,13.428
-0.007,-0.784,0.836,-21.118,-17.578,14.771
-0.029,-0.756,0.835,-23.254,-18.677,15.259
-0.046,-0.745,0.844,-24.536,-20.325,15.015
-0.050,-0.746,0.854,-24.719,-20.813,14.343
-0.049,-0.747,0.857,-23.865,-18.982,14.282
-0.045,-0.743,0.860,-21.545,-14.893,15.320
-0.039,-0.752,0.860,-18.494,-9.277,18.250
-0.029,-0.755,0.859,-15.564,-4.150,21.973
-0.032,-0.765,0.860,-13.855,-0.610,25.208
-0.030,-0.765,0.856,-14.221,1.282,27.771
-0.031,-0.765,0.849,-16.602,1.221,29.236
-0.036,-0.767,0.832,-20.203,-0.366,29.846
-0.033,-0.767,0.814,-23.743,-1.953,29.419
-0.032,-0.766,0.804,-25.818,-3.357,28.748
-0.027,-0.757,0.801,-27.405,-4.089,28.564
-0.024,-0.739,0.800,-28.931,-3.540,30.029
-0.035,-0.722,0.795,-29.968,-2.869,32.471
-0.045,-0.694,0.788,-31.128,-2.686,34.546
-0.056,-0.671,0.780,-32.410,-3.357,35.339
-0.065,-0.653,0.777,-32.959,-5.371,34.363
-0.065,-0.642,0.782,-33.203,-7.263,32.288
-0.059,-0.642,0.791,-33.203,-9.094,30.151
-0.056,-0.644,0.801,-32.715,-10.193,29.236
-0.056,-0.633,0.808,-32.410,-9.583,29.114
-0.048,-0.601,0.811,-32.288,-7.568,29.602
-0.047,-0.580,0.804,-31.799,-6.226,30.212
-0.042,-0.557,0.791,-31.128,-5.981,30.762
-0.041,-0.543,0.790,-30.029,-6.531,30.151
-0.031,-0.539,0.798,-28.748,-7.874,28.259
-0.028,-0.536,0.815,-28.503,-10.010,26.245
-0.029,-0.529,0.834,-29.297,-12.268,24.231
-0.028,-0.516,0.845,-30.823,-13.550,22.217
-0.022,-0.500,0.851,-32.471,-13.733,20.935
-0.020,-0.475,0.848,-32.166,-13.550,20.935
-0.025,-0.458,0.848,-31.189,-13.123,21.729
-0.031,-0.431,0.847,-29.419,-12.146,21.851
-0.035,-0.409,0.847,-27.588,-10.742,21.240
-0.040,-0.388,0.848,-25.574,-9.583,20.325
-0.047,-0.368,0.853,-23.499,-8.911,19.043
-0.049,-0.347,0.856,-21.790,-7.874,16.968
-0.047,-0.334,0.856,-20.691,-7.080,14.465
-0.039,-0.319,0.855,-19.775,-6.714,12.329
-0.034,-0.300,0.848,-18.982,-6.409,10.986
-0.025,-0.287,0.849,-17.761,-6.042,9.827
-0.012,-0.265,0.850,-15.503,-5.615,8.972
-0.008,-0.254,0.848,-13.733,-4.700,8.789
-0.007,-0.239,0.851,-12.085,-4.089,8.484
-0.009,-0.228,0.854,-9.949,-3.235,7.874
-0.006,-0.218,0.857,-7.996,-2.502,6.653
-0.008,-0.210,0.863,-5.981,-2.380,5.188
-0.020,-0.194,0.869,-4.333,-2.747,3.601
-0.032,-0.174,0.873,-2.563,-2.258,2.136
-0.037,-0.159,0.872,-0.122,-0.732,0.732
-0.040,-0.144,0.869,2.747,0.793,-0.671
-0.048,-0.125,0.871,5.066,1.770,-2.014
-0.061,-0.116,0.859,7.446,3.235,-2.991
-0.066,-0.114,0.840,10.010,4.700,-4.578
-0.069,-0.110,0.830,12.695,5.188,-7.385
-0.077,-0.101,0.826,15.564,4.883,-10.742
-0.084,-0.095,0.822,18.433,4.639,-14.343
-0.095,-0.088,0.814,20.691,4.456,-17.517
-0.108,-0.059,0.816,23.071,4.822,-19.958
-0.132,-0.002,0.819,26.184,6.592,-21.118
-0.179,0.016,0.789,29.846,11.108,-20.508
-0.216,0.013,0.731,34.912,17.822,-20.813
-0.251,-0.001,0.678,41.931,22.827,-24.353
-0.285,-0.022,0.644,50.842,24.353,-29.907
-0.346,-0.075,0.621,60.974,25.208,-36.926
-0.417,-0.134,0.592,70.740,27.283,-44.983
-0.490,-0.234,0.544,80.139,31.067,-56.091
-0.563,-0.360,0.486,89.294,34.485,-71.167
-0.584,-0.492,0.440,99.487,34.607,-87.708
-0.589,-0.676,0.419,109.436,32.349,-105.164
-0.507,-0.920,0.410,118.896,30.273,-119.446
-0.377,-1.159,0.468,128.357,26.672,-133.789
-0.141,-1.418,0.593,134.766,20.447,-144.897
0.136,-1.708,0.757,131.836,11.536,-149.353
0.472,-1.976,0.989,126.648,1.892,-146.301
0.829,-2.189,1.199,111.023,-5.432,-132.996
1.090,-2.243,1.312,82.581,-6.775,-104.492
1.099,-2.074,1.274,42.847,-2.930,-56.030
0.713,-1.658,1.111,2.625,6.775,4.150
0.134,-1.281,0.911,-21.973,24.536,57.739
-0.289,-0.743,0.773,-24.780,41.504,85.754
-0.544,-0.494,0.648,-23.926,43.457,82.031
-0.586,-0.384,0.571,-20.508,28.259,54.749
-0.480,-0.381,0.548,-16.296,7.141,20.569
-0.332,-0.461,0.561,-12.268,-6.897,-4.028
-0.188,-0.569,0.600,-5.554,-11.292,-15.320
-0.068,-0.691,0.662,1.709,-9.033,-18.616
0.026,-0.796,0.717,5.981,-6.348,-16.968
0.091,-0.869,0.754,6.348,-4.883,-11.902
0.116,-0.908,0.779,3.601,-3.967,-4.211
0.108,-0.924,0.787,0.793,-2.563,4.456
0.084,-0.915,0.787,-1.282,-0.916,12.390
0.056,-0.897,0.786,-3.906,-1.404,17.456
0.027,-0.878,0.786,-8.728,-4.883,19.165

0.535,-2.096,0.948,144.409,6.409,-166.443
0.915,-2.244,1.184,132.446,8.606,-148.926
1.228,-2.343,1.338,108.521,11.292,-121.765
1.434,-2.317,1.374,71.106,9.277,-84.717
1.251,-1.993,1.296,23.926,4.089,-34.790
0.640,-1.515,1.100,-20.447,6.287,29.175
0.017,-1.002,0.878,-43.884,23.132,79.834
-0.413,-0.555,0.689,-48.462,35.400,94.482
-0.646,-0.334,0.560,-46.082,25.330,75.012
-0.607,-0.231,0.496,-36.804,1.099,35.767
-0.455,-0.295,0.484,-27.954,-19.165,-1.160
-0.285,-0.398,0.529,-15.442,-28.076,-21.484
-0.158,-0.528,0.621,-2.380,-25.940,-28.809
-0.046,-0.652,0.714,7.324,-19.043,-29.419
0.047,-0.756,0.790,12.756,-13.062,-26.672
0.120,-0.827,0.832,12.085,-8.240,-19.226
0.147,-0.873,0.849,8.667,-3.235,-8.362
0.142,-0.881,0.849,6.042,2.258,2.380
0.123,-0.877,0.844,3.235,6.897,11.719
0.106,-0.861,0.831,-0.916,6.958,18.188
0.082,-0.834,0.819,-7.080,2.441,21.729
0.061,-0.807,0.804,-13.855,-4.456,21.973
0.044,-0.789,0.799,-20.142,-12.207,20.996
0.022,-0.776,0.815,-25.513,-19.836,20.508
-0.006,-0.766,0.831,-29.663,-25.696,20.569
-0.034,-0.757,0.843,-32.532,-28.259,20.813
-0.060,-0.752,0.861,-34.119,-28.381,21.912
-0.088,-0.761,0.877,-34.241,-26.245,23.987
-0.098,-0.770,0.888,-33.325,-21.973,25.879
-0.106,-0.790,0.891,-32.593,-17.151,27.527
-0.096,-0.799,0.882,-32.593,-12.573,29.480
-0.086,-0.798,0.862,-33.630,-7.935,32.532
-0.080,-0.776,0.837,-35.828,-3.601,36.438
-0.087,-0.748,0.808,-38.025,-0.549,40.344
-0.111,-0.719,0.785,-39.246,0.061,42.847
-0.124,-0.692,0.769,-40.039,-1.831,41.260
-0.120,-0.687,0.760,-40.222,-5.676,36.865
-0.107,-0.681,0.769,-40.039,-10.742,32.104
-0.091,-0.666,0.783,-40.527,-13.733,28.748
-0.075,-0.641,0.788,-41.260,-13.855,27.954
-0.074,-0.622,0.784,-41.138,-12.024,29.175
-0.084,-0.615,0.781,-39.856,-10.620,30.396
-0.084,-0.616,0.778,-38.208,-10.132,29.114
-0.073,-0.633,0.782,-36.804,-10.742,26.672
-0.055,-0.652,0.794,-34.851,-11.230,24.475
-0.036,-0.670,0.802,-33.997,-10.071,23.865
-0.031,-0.676,0.804,-34.058,-7.507,25.208
-0.022,-0.633,0.805,-35.095,-5.737,26.855
-0.009,-0.594,0.813,-37.781,-5.615,28.198
0.000,-0.543,0.815,-40.405,-7.996,29.968
-0.005,-0.503,0.819,-43.091,-10.376,32.104
-0.003,-0.467,0.823,-44.556,-11.597,33.264
-0.009,-0.442,0.824,-44.434,-11.475,34.058
-0.009,-0.414,0.835,-43.701,-10.986,34.058
-0.002,-0.360,0.855,-42.664,-10.559,33.752
0.002,-0.303,0.873,-41.504,-10.254,32.959
0.008,-0.249,0.892,-40.283,-10.742,31.982
0.008,-0.197,0.915,-39.185,-11.658,30.701
0.006,-0.146,0.930,-37.903,-11.963,29.480
-0.003,-0.110,0.947,-35.950,-12.390,28.015
-0.007,-0.075,0.958,-33.203,-11.658,25.452
-0.007,-0.049,0.971,-30.640,-10.193,22.339
0.000,-0.019,0.978,-28.748,-9.277,19.287
0.001,0.000,0.979,-26.917,-9.277,16.968
0.002,0.015,0.983,-24.048,-9.094,15.015
0.003,0.027,0.980,-20.325,-8.545,13.245
0.000,0.026,0.982,-16.602,-7.446,11.719
-0.001,0.028,0.978,-13.062,-7.080,10.376
-0.016,0.001,0.978,-10.315,-7.324,8.423
-0.024,0.000,0.972,-7.324,-7.080,5.798
-0.027,-0.011,0.970,-4.639,-6.287,2.502
-0.035,-0.016,0.962,-2.808,-5.493,-0.305
-0.038,-0.023,0.950,-1.282,-5.188,-2.563
-0.048,-0.032,0.939,0.366,-5.310,-3.784
-0.059,-0.039,0.933,2.563,-4.822,-5.554
-0.070,-0.045,0.930,5.310,-3.235,-7.751
-0.069,-0.049,0.925,8.362,-0.732,-9.705
-0.069,-0.052,0.920,10.620,1.709,-11.475
-0.068,-0.041,0.914,12.756,3.479,-12.939
-0.062,-0.030,0.915,15.015,4.700,-14.587
-0.057,-0.013,0.910,17.517,5.188,-15.808
-0.059,0.001,0.912,19.653,5.554,-17.151
-0.063,0.025,0.919,21.790,6.104,-18.494
-0.072,0.041,0.921,23.499,6.714,-19.897
-0.079,0.056,0.924,24.719,7.080,-21.179
-0.087,0.089,0.938,25.818,7.935,-22.156
-0.097,0.124,0.932,27.222,8.972,-22.339
-0.114,0.126,0.918,27.588,10.437,-22.888
-0.141,0.102,0.887,28.076,11.475,-22.339
-0.164,0.046,0.854,27.771,11.719,-21.057
-0.185,-0.029,0.816,26.245,12.329,-19.409
-0.220,-0.092,0.774,23.499,13.306,-17.029
-0.267,-0.134,0.740,21.973,15.625,-14.771
-0.322,-0.180,0.667,20.996,21.851,-13.123
-0.397,-0.254,0.586,21.851,30.518,-12.329
-0.516,-0.260,0.525,25.940,37.598,-12.756
-0.680,-0.305,0.422,31.433,49.072,-14.893
-0.801,-0.373,0.289,37.170,62.927,-21.545
-0.903,-0.531,0.130,47.058,72.449,-37.170
-0.849,-0.744,0.080,70.190,71.411,-69.397
-0.666,-1.033,0.195,110.046,57.556,-120.056
-0.265,-1.442,0.472,155.457,33.447,-174.622
0.253,-1.867,0.877,191.101,6.042,-212.463
0.901,-2.436,1.255,205.261,-15.259,-225.342
1.719,-2.863,1.547,195.007,-23.010,-213.501
2.293,-3.148,1.668,149.170,-18.982,-166.992
1.826,-2.583,1.788,65.063,-25.269,-70.435
0.605,-1.807,1.607,-26.855,-22.095,60.913
-0.352,-0.985,1.310,-88.928,16.846,149.109
-0.854,-0.420,0.893,-117.432,55.420,158.386
-0.948,-0.026,0.545,-112.488,56.885,119.446
-0.771,0.103,0.274,-87.097,36.865,68.359
-0.537,0.014,0.183,-47.119,19.409,23.987
-0.355,-0.137,0.309,-2.136,9.888,-1.953
-0.267,-0.316,0.534,29.419,1.343,-15.137
-0.179,-0.503,0.732,41.626,-8.667,-25.818
-0.070,-0.656,0.881,40.466,-20.264,-35.095
0.046,-0.800,0.981,32.898,-27.283,-36.072
0.101,-0.873,1.016,21.851,-23.926,-26.550

-0.063,-2.165,0.401,180.725,73.242,-153.198
0.392,-2.350,0.635,183.167,80.200,-149.475
0.943,-2.568,0.926,172.852,76.050,-146.179
1.534,-2.761,1.214,147.400,54.504,-135.071
2.038,-2.863,1.388,108.704,24.475,-109.070
1.948,-2.563,1.420,50.598,6.104,-54.932
1.037,-1.819,1.181,-13.489,7.141,33.875
0.046,-1.017,0.883,-54.443,31.616,108.398
-0.687,-0.391,0.629,-67.200,45.898,122.009
-1.009,-0.052,0.502,-61.096,22.827,83.618
-0.903,0.033,0.449,-46.936,-13.306,25.452
-0.642,-0.104,0.446,-30.640,-29.724,-18.555
-0.382,-0.281,0.533,-6.958,-24.841,-38.025
-0.182,-0.500,0.672,14.282,-12.695,-44.189
0.033,-0.695,0.803,27.283,-5.188,-46.326
0.248,-0.876,0.865,29.236,-0.122,-42.358
0.366,-0.979,0.874,25.024,6.470,-27.405
0.354,-0.989,0.870,19.775,15.564,-6.836
0.243,-0.920,0.847,13.672,22.705,11.963
0.108,-0.816,0.796,5.432,21.729,23.499
0.010,-0.714,0.745,-2.991,14.282,25.208
-0.061,-0.627,0.704,-9.521,4.517,21.118
-0.116,-0.555,0.696,-12.817,-4.272,15.625
-0.142,-0.502,0.693,-14.038,-11.536,9.155
-0.140,-0.485,0.702,-13.489,-16.663,2.808
-0.111,-0.498,0.728,-11.047,-20.447,-2.808
-0.075,-0.519,0.779,-7.751,-20.935,-5.127
-0.071,-0.536,0.823,-3.906,-16.968,-4.272
-0.071,-0.550,0.848,-0.183,-8.240,-1.160
-0.071,-0.560,0.865,3.357,-0.549,1.221
-0.060,-0.581,0.863,5.310,4.333,1.770
-0.038,-0.599,0.836,5.493,5.432,0.732
-0.015,-0.610,0.826,4.700,5.127,0.183
0.017,-0.626,0.802,3.845,5.127,0.305
0.029,-0.636,0.790,1.587,4.578,0.610
0.039,-0.633,0.780,-1.099,2.625,1.221
0.039,-0.627,0.773,-2.502,0.610,1.770
0.031,-0.612,0.771,-2.563,-0.427,2.563
0.015,-0.609,0.780,-2.258,-1.343,3.418
-0.002,-0.600,0.801,-1.282,-2.319,3.662
-0.017,-0.598,0.829,0.305,-2.930,2.869
-0.025,-0.600,0.855,0.916,-2.686,2.380
-0.022,-0.599,0.863,1.038,-1.709,1.770
-0.018,-0.595,0.870,0.671,-0.793,1.892
-0.016,-0.583,0.870,0.488,0.427,2.441
-0.018,-0.581,0.865,0.000,2.075,2.991
-0.013,-0.577,0.865,0.244,2.930,2.747
-0.007,-0.581,0.869,0.427,2.563,1.831
0.001,-0.587,0.866,0.610,2.502,1.343
0.010,-0.591,0.858,1.221,3.601,1.343
0.010,-0.591,0.850,1.770,4.333,1.587
0.007,-0.588,0.837,1.282,4.028,1.587
0.011,-0.586,0.824,0.427,3.113,1.160
0.016,-0.589,0.813,-0.183,2.014,0.488
0.018,-0.587,0.802,-0.549,0.793,-0.122
0.020,-0.589,0.796,-0.732,-0.488,-0.366
0.021,-0.594,0.798,-0.427,-1.709,-0.854
0.019,-0.594,0.804,-0.427,-2.686,-0.977
0.016,-0.600,0.806,-0.610,-2.991,-0.732
0.011,-0.599,0.807,-0.366,-2.808,-0.244
-0.001,-0.589,0.809,0.122,-2.441,0.366
-0.013,-0.582,0.803,-0.183,-1.770,0.793
-0.017,-0.580,0.800,0.366,-1.282,0.732
-0.013,-0.583,0.802,0.366,-1.404,-0.183
-0.008,-0.588,0.797,0.122,-1.526,-0.671
-0.010,-0.589,0.788,0.427,-1.709,-0.427
-0.016,-0.588,0.787,1.892,-1.709,-0.244
-0.019,-0.592,0.797,2.808,-2.014,-0.793
-0.021,-0.599,0.806,3.174,-2.747,-1.465
-0.017,-0.607,0.812,3.174,-2.991,-1.648
-0.011,-0.613,0.821,3.418,-2.808,-1.770
-0.008,-0.619,0.826,2.747,-2.563,-1.465
-0.010,-0.620,0.828,1.770,-2.380,-0.793
-0.017,-0.613,0.822,0.244,-2.136,-0.061
-0.033,-0.598,0.814,0.305,-1.404,0.916
-0.042,-0.592,0.814,0.854,-0.061,0.977
-0.042,-0.595,0.820,1.160,-0.244,0.244
-0.032,-0.602,0.820,0.610,-1.526,-1.221
-0.021,-0.608,0.819,0.488,-2.014,-1.770
-0.017,-0.610,0.823,1.221,-1.587,-1.770
-0.022,-0.610,0.829,1.709,-0.732,-1.343
-0.027,-0.612,0.830,1.709,-0.610,-1.038
-0.023,-0.613,0.828,0.671,-1.709,-1.709
-0.017,-0.613,0.827,0.427,-2.502,-2.197
-0.011,-0.615,0.830,0.854,-2.014,-2.197
-0.013,-0.616,0.835,1.770,-1.099,-1.526
-0.016,-0.612,0.839,1.343,-0.244,-1.160
-0.023,-0.600,0.834,0.488,-0.305,-0.610
-0.028,-0.592,0.828,-0.122,-0.183,-0.183
-0.032,-0.583,0.825,0.183,0.549,-0.305
-0.035,-0.580,0.817,0.916,1.343,-0.122
-0.033,-0.581,0.813,1.465,1.831,-0.244
-0.025,-0.586,0.814,1.404,1.648,-0.854
-0.016,-0.591,0.812,1.404,1.099,-1.160
-0.010,-0.593,0.809,0.977,1.282,-1.404
-0.010,-0.591,0.803,1.221,1.648,-1.038
-0.012,-0.588,0.800,1.404,2.014,-0.549
-0.012,-0.587,0.799,1.404,2.014,-0.488
-0.008,-0.587,0.802,1.770,1.282,-0.732
0.007,-0.577,0.809,1.343,1.099,-1.099
-0.011,-0.607,0.808,0.549,1.282,-1.160
0.000,-0.600,0.808,1.099,0.854,-0.183
-0.004,-0.593,0.806,1.282,0.732,-0.305
-0.012,-0.589,0.798,1.465,1.038,-0.183
-0.006,-0.584,0.797,1.099,1.526,0.000
-0.006,-0.582,0.794,1.709,1.160,-0.610
-0.001,-0.588,0.797,2.136,0.305,-0.854
0.006,-0.593,0.798,2.075,-0.427,-1.465
0.010,-0.601,0.803,2.075,-1.099,-1.648
0.003,-0.599,0.805,2.014,-1.465,-1.282
0.014,-0.609,0.815,1.709,-1.404,-0.916
0.006,-0.604,0.819,2.197,-1.526,-0.488
-0.001,-0.600,0.826,2.258,-1.099,0.000
-0.005,-0.598,0.824,1.892,-0.488,0.305
-0.008,-0.599,0.819,2.197,-0.366,0.610
-0.007,-0.599,0.819,2.563,-0.305,0.305
-0.004,-0.605,0.820,2.686,-0.305,0.000
-0.001,-0.604,0.821,2.563,-0.305,-0.366
-0.001,-0.608,0.824,2.869,-0.549,-0.244

